year,month,district,temperature,humidity,rainfall_mm,wind_speed,condition
2020,1,Ahmednagar,24,44,15,5,Cloudy
2020,1,Akola,36,42,17,9,Cloudy
2020,1,Amravati,23,66,0,4,Cloudy
2020,1,Aurangabad,37,76,18,8,Cloudy
2020,1,Beed,26,81,20,3,Cloudy
2020,1,Bhandara,23,62,19,5,Cloudy
2020,1,Buldhana,33,54,4,4,Cloudy
2020,1,Chandrapur,37,68,7,3,Cloudy
2020,1,Dhule,36,46,15,12,Cloudy
2020,1,Gadchiroli,26,57,16,8,Cloudy
2020,1,Gondia,20,63,14,10,Cloudy
2020,1,Hingoli,30,85,13,4,Cloudy
2020,1,Jalgaon,26,73,7,6,Cloudy
2020,1,Jalna,29,72,14,4,Cloudy
2020,1,Kolhapur,32,61,1,4,Cloudy
2020,1,Latur,28,49,5,10,Cloudy
2020,1,Mumbai City,28,49,15,12,Cloudy
2020,1,Mumbai Suburban,23,59,9,8,Cloudy
2020,1,Nagpur,30,76,0,8,Cloudy
2020,1,Nanded,35,90,12,12,Cloudy
2020,1,Nandurbar,23,62,9,10,Cloudy
2020,1,Nashik,36,67,14,6,Cloudy
2020,1,Osmanabad,30,54,4,8,Cloudy
2020,1,Palghar,38,70,0,3,Cloudy
2020,1,Parbhani,24,80,13,10,Cloudy
2020,1,Pune,34,42,14,8,Cloudy
2020,1,Raigad,34,52,19,6,Cloudy
2020,1,Ratnagiri,34,67,3,9,Cloudy
2020,1,Sangli,29,42,7,10,Cloudy
2020,1,Satara,32,70,4,5,Cloudy
2020,1,Sindhudurg,27,65,12,5,Cloudy
2020,1,Solapur,37,59,5,5,Cloudy
2020,1,Thane,34,43,4,5,Cloudy
2020,1,Wardha,20,69,10,6,Cloudy
2020,1,Washim,27,49,8,7,Cloudy
2020,1,Yavatmal,34,80,8,7,Cloudy
2020,2,Ahmednagar,22,81,14,12,Cloudy
2020,2,Akola,23,53,6,10,Cloudy
2020,2,Amravati,23,70,7,7,Cloudy
2020,2,Aurangabad,32,42,12,2,Cloudy
2020,2,Beed,25,93,11,3,Cloudy
2020,2,Bhandara,27,88,7,11,Cloudy
2020,2,Buldhana,34,51,10,5,Cloudy
2020,2,Chandrapur,38,81,10,12,Cloudy
2020,2,Dhule,38,75,4,12,Cloudy
2020,2,Gadchiroli,31,84,20,10,Cloudy
2020,2,Gondia,22,41,8,7,Cloudy
2020,2,Hingoli,36,94,12,2,Cloudy
2020,2,Jalgaon,34,55,19,8,Cloudy
2020,2,Jalna,37,51,12,9,Cloudy
2020,2,Kolhapur,28,92,9,12,Cloudy
2020,2,Latur,38,93,9,6,Cloudy
2020,2,Mumbai City,27,64,19,9,Cloudy
2020,2,Mumbai Suburban,29,88,0,12,Cloudy
2020,2,Nagpur,20,90,18,9,Cloudy
2020,2,Nanded,24,89,1,3,Cloudy
2020,2,Nandurbar,33,66,20,8,Cloudy
2020,2,Nashik,29,89,14,11,Cloudy
2020,2,Osmanabad,30,60,19,10,Cloudy
2020,2,Palghar,35,42,7,3,Cloudy
2020,2,Parbhani,30,49,19,11,Cloudy
2020,2,Pune,36,92,18,3,Cloudy
2020,2,Raigad,30,72,5,4,Cloudy
2020,2,Ratnagiri,30,44,5,3,Cloudy
2020,2,Sangli,35,92,1,10,Cloudy
2020,2,Satara,28,86,5,9,Cloudy
2020,2,Sindhudurg,30,45,1,11,Cloudy
2020,2,Solapur,27,76,8,12,Cloudy
2020,2,Thane,25,66,0,8,Cloudy
2020,2,Wardha,20,57,15,7,Cloudy
2020,2,Washim,34,44,18,7,Cloudy
2020,2,Yavatmal,33,72,19,6,Cloudy
2020,3,Ahmednagar,21,55,1,2,Hot
2020,3,Akola,25,94,3,12,Hot
2020,3,Amravati,26,77,7,6,Hot
2020,3,Aurangabad,26,93,7,10,Hot
2020,3,Beed,29,60,10,5,Hot
2020,3,Bhandara,33,88,10,10,Hot
2020,3,Buldhana,31,84,9,5,Hot
2020,3,Chandrapur,26,77,3,3,Hot
2020,3,Dhule,20,68,8,4,Hot
2020,3,Gadchiroli,37,66,10,10,Hot
2020,3,Gondia,35,54,6,6,Hot
2020,3,Hingoli,36,65,10,7,Hot
2020,3,Jalgaon,32,45,10,6,Hot
2020,3,Jalna,34,94,10,10,Hot
2020,3,Kolhapur,37,69,2,4,Hot
2020,3,Latur,21,79,10,10,Hot
2020,3,Mumbai City,20,64,5,2,Hot
2020,3,Mumbai Suburban,32,48,1,2,Hot
2020,3,Nagpur,22,90,1,10,Hot
2020,3,Nanded,27,76,0,6,Hot
2020,3,Nandurbar,34,55,9,12,Hot
2020,3,Nashik,31,95,1,11,Hot
2020,3,Osmanabad,21,44,4,7,Hot
2020,3,Palghar,34,66,0,9,Hot
2020,3,Parbhani,23,57,5,8,Hot
2020,3,Pune,33,91,10,9,Hot
2020,3,Raigad,36,50,0,6,Hot
2020,3,Ratnagiri,37,72,1,11,Hot
2020,3,Sangli,20,46,9,7,Hot
2020,3,Satara,27,79,1,4,Hot
2020,3,Sindhudurg,27,50,3,2,Hot
2020,3,Solapur,28,86,3,11,Hot
2020,3,Thane,31,49,8,3,Hot
2020,3,Wardha,29,42,1,3,Hot
2020,3,Washim,23,79,5,2,Hot
2020,3,Yavatmal,23,53,9,2,Hot
2020,4,Ahmednagar,25,51,4,10,Hot
2020,4,Akola,30,56,0,5,Hot
2020,4,Amravati,22,62,5,2,Hot
2020,4,Aurangabad,35,50,8,10,Hot
2020,4,Beed,31,74,9,9,Hot
2020,4,Bhandara,35,70,9,5,Hot
2020,4,Buldhana,29,78,10,2,Hot
2020,4,Chandrapur,27,79,1,6,Hot
2020,4,Dhule,24,93,4,11,Hot
2020,4,Gadchiroli,29,62,1,5,Hot
2020,4,Gondia,28,76,7,6,Hot
2020,4,Hingoli,32,86,7,3,Hot
2020,4,Jalgaon,35,79,8,3,Hot
2020,4,Jalna,20,89,8,8,Hot
2020,4,Kolhapur,27,61,1,12,Hot
2020,4,Latur,20,46,7,3,Hot
2020,4,Mumbai City,21,69,3,11,Hot
2020,4,Mumbai Suburban,36,85,4,11,Hot
2020,4,Nagpur,32,50,8,10,Hot
2020,4,Nanded,34,67,9,9,Hot
2020,4,Nandurbar,26,81,5,9,Hot
2020,4,Nashik,29,95,2,2,Hot
2020,4,Osmanabad,28,94,1,8,Hot
2020,4,Palghar,38,48,7,3,Hot
2020,4,Parbhani,38,70,6,9,Hot
2020,4,Pune,30,54,1,9,Hot
2020,4,Raigad,32,43,4,4,Hot
2020,4,Ratnagiri,23,67,8,9,Hot
2020,4,Sangli,35,88,8,10,Hot
2020,4,Satara,26,52,6,12,Hot
2020,4,Sindhudurg,36,72,6,11,Hot
2020,4,Solapur,27,74,1,10,Hot
2020,4,Thane,34,51,9,7,Hot
2020,4,Wardha,37,48,6,7,Hot
2020,4,Washim,23,50,7,7,Hot
2020,4,Yavatmal,36,63,10,12,Hot
2020,5,Ahmednagar,31,40,3,8,Hot
2020,5,Akola,23,77,7,6,Hot
2020,5,Amravati,22,92,9,7,Hot
2020,5,Aurangabad,35,88,3,11,Hot
2020,5,Beed,35,79,3,9,Hot
2020,5,Bhandara,36,90,10,9,Hot
2020,5,Buldhana,36,55,1,3,Hot
2020,5,Chandrapur,33,56,6,11,Hot
2020,5,Dhule,25,68,0,6,Hot
2020,5,Gadchiroli,34,84,0,11,Hot
2020,5,Gondia,22,87,3,9,Hot
2020,5,Hingoli,23,68,2,2,Hot
2020,5,Jalgaon,33,63,4,8,Hot
2020,5,Jalna,34,47,3,3,Hot
2020,5,Kolhapur,29,83,6,8,Hot
2020,5,Latur,38,56,9,9,Hot
2020,5,Mumbai City,29,55,8,12,Hot
2020,5,Mumbai Suburban,35,85,8,8,Hot
2020,5,Nagpur,31,51,3,5,Hot
2020,5,Nanded,22,92,7,12,Hot
2020,5,Nandurbar,28,44,2,4,Hot
2020,5,Nashik,31,40,3,3,Hot
2020,5,Osmanabad,35,46,1,11,Hot
2020,5,Palghar,32,45,7,6,Hot
2020,5,Parbhani,34,41,9,9,Hot
2020,5,Pune,22,79,0,6,Hot
2020,5,Raigad,36,66,1,12,Hot
2020,5,Ratnagiri,22,43,7,2,Hot
2020,5,Sangli,20,93,3,9,Hot
2020,5,Satara,32,75,6,4,Hot
2020,5,Sindhudurg,35,94,4,4,Hot
2020,5,Solapur,28,81,7,3,Hot
2020,5,Thane,24,57,2,4,Hot
2020,5,Wardha,34,71,1,7,Hot
2020,5,Washim,20,53,5,3,Hot
2020,5,Yavatmal,38,57,2,2,Hot
2020,6,Ahmednagar,32,83,325,6,Rain
2020,6,Akola,36,92,204,5,Rain
2020,6,Amravati,34,94,302,6,Rain
2020,6,Aurangabad,30,59,335,11,Rain
2020,6,Beed,31,94,127,5,Rain
2020,6,Bhandara,20,81,379,7,Rain
2020,6,Buldhana,21,79,248,7,Rain
2020,6,Chandrapur,32,73,176,5,Rain
2020,6,Dhule,33,45,261,5,Rain
2020,6,Gadchiroli,20,71,191,12,Rain
2020,6,Gondia,38,67,315,12,Rain
2020,6,Hingoli,28,92,213,5,Rain
2020,6,Jalgaon,31,83,119,2,Rain
2020,6,Jalna,33,70,383,2,Rain
2020,6,Kolhapur,31,84,371,12,Rain
2020,6,Latur,28,74,185,7,Rain
2020,6,Mumbai City,21,81,273,10,Rain
2020,6,Mumbai Suburban,24,79,207,12,Rain
2020,6,Nagpur,34,80,296,11,Rain
2020,6,Nanded,21,68,168,8,Rain
2020,6,Nandurbar,38,44,148,6,Rain
2020,6,Nashik,35,82,324,9,Rain
2020,6,Osmanabad,34,58,338,7,Rain
2020,6,Palghar,33,40,100,3,Rain
2020,6,Parbhani,35,92,383,3,Rain
2020,6,Pune,21,63,239,2,Rain
2020,6,Raigad,23,64,221,8,Rain
2020,6,Ratnagiri,25,91,108,12,Rain
2020,6,Sangli,33,52,393,12,Rain
2020,6,Satara,24,88,266,3,Rain
2020,6,Sindhudurg,30,51,157,11,Rain
2020,6,Solapur,33,71,142,8,Rain
2020,6,Thane,22,84,125,10,Rain
2020,6,Wardha,30,49,379,12,Rain
2020,6,Washim,38,49,329,6,Rain
2020,6,Yavatmal,22,42,323,6,Rain
2020,7,Ahmednagar,34,83,123,5,Rain
2020,7,Akola,31,42,101,3,Rain
2020,7,Amravati,29,71,207,2,Rain
2020,7,Aurangabad,34,49,338,3,Rain
2020,7,Beed,28,83,274,4,Rain
2020,7,Bhandara,27,66,389,10,Rain
2020,7,Buldhana,32,84,347,11,Rain
2020,7,Chandrapur,22,92,253,5,Rain
2020,7,Dhule,34,74,381,9,Rain
2020,7,Gadchiroli,37,51,319,6,Rain
2020,7,Gondia,24,45,193,5,Rain
2020,7,Hingoli,23,88,250,3,Rain
2020,7,Jalgaon,28,46,379,5,Rain
2020,7,Jalna,33,49,347,12,Rain
2020,7,Kolhapur,20,64,119,5,Rain
2020,7,Latur,36,54,265,9,Rain
2020,7,Mumbai City,34,68,318,11,Rain
2020,7,Mumbai Suburban,33,87,378,12,Rain
2020,7,Nagpur,32,88,234,4,Rain
2020,7,Nanded,34,54,346,5,Rain
2020,7,Nandurbar,21,71,270,12,Rain
2020,7,Nashik,38,58,128,12,Rain
2020,7,Osmanabad,29,79,314,8,Rain
2020,7,Palghar,31,44,332,3,Rain
2020,7,Parbhani,32,84,328,5,Rain
2020,7,Pune,34,62,375,10,Rain
2020,7,Raigad,20,73,111,10,Rain
2020,7,Ratnagiri,31,90,148,12,Rain
2020,7,Sangli,22,85,204,6,Rain
2020,7,Satara,23,87,144,9,Rain
2020,7,Sindhudurg,21,72,105,11,Rain
2020,7,Solapur,26,84,285,2,Rain
2020,7,Thane,25,52,374,3,Rain
2020,7,Wardha,27,57,108,4,Rain
2020,7,Washim,20,49,150,11,Rain
2020,7,Yavatmal,26,92,101,9,Rain
2020,8,Ahmednagar,32,62,152,2,Rain
2020,8,Akola,27,46,328,10,Rain
2020,8,Amravati,20,45,246,4,Rain
2020,8,Aurangabad,27,91,136,12,Rain
2020,8,Beed,37,67,219,4,Rain
2020,8,Bhandara,21,79,225,2,Rain
2020,8,Buldhana,34,79,258,7,Rain
2020,8,Chandrapur,32,70,346,6,Rain
2020,8,Dhule,24,75,248,6,Rain
2020,8,Gadchiroli,32,80,164,2,Rain
2020,8,Gondia,20,48,162,11,Rain
2020,8,Hingoli,36,46,188,11,Rain
2020,8,Jalgaon,38,79,247,8,Rain
2020,8,Jalna,32,76,295,9,Rain
2020,8,Kolhapur,22,56,125,2,Rain
2020,8,Latur,28,63,260,5,Rain
2020,8,Mumbai City,26,85,152,5,Rain
2020,8,Mumbai Suburban,27,71,321,10,Rain
2020,8,Nagpur,38,85,285,8,Rain
2020,8,Nanded,28,90,283,5,Rain
2020,8,Nandurbar,23,65,239,8,Rain
2020,8,Nashik,36,54,137,5,Rain
2020,8,Osmanabad,32,68,107,9,Rain
2020,8,Palghar,27,53,102,9,Rain
2020,8,Parbhani,31,72,106,2,Rain
2020,8,Pune,32,79,203,12,Rain
2020,8,Raigad,30,72,276,2,Rain
2020,8,Ratnagiri,32,52,287,5,Rain
2020,8,Sangli,34,53,107,8,Rain
2020,8,Satara,34,92,202,8,Rain
2020,8,Sindhudurg,22,55,146,11,Rain
2020,8,Solapur,26,52,395,10,Rain
2020,8,Thane,26,52,186,6,Rain
2020,8,Wardha,33,55,122,12,Rain
2020,8,Washim,25,75,394,7,Rain
2020,8,Yavatmal,25,56,141,2,Rain
2020,9,Ahmednagar,31,93,374,8,Rain
2020,9,Akola,36,76,152,8,Rain
2020,9,Amravati,24,40,277,2,Rain
2020,9,Aurangabad,23,50,355,9,Rain
2020,9,Beed,38,49,313,6,Rain
2020,9,Bhandara,30,88,333,7,Rain
2020,9,Buldhana,38,79,189,10,Rain
2020,9,Chandrapur,29,74,165,11,Rain
2020,9,Dhule,27,50,355,4,Rain
2020,9,Gadchiroli,35,45,105,2,Rain
2020,9,Gondia,30,66,199,4,Rain
2020,9,Hingoli,25,66,311,7,Rain
2020,9,Jalgaon,25,57,130,3,Rain
2020,9,Jalna,30,48,213,12,Rain
2020,9,Kolhapur,32,90,310,10,Rain
2020,9,Latur,30,43,385,2,Rain
2020,9,Mumbai City,28,92,373,3,Rain
2020,9,Mumbai Suburban,38,88,339,9,Rain
2020,9,Nagpur,36,61,330,2,Rain
2020,9,Nanded,34,53,294,5,Rain
2020,9,Nandurbar,28,71,280,4,Rain
2020,9,Nashik,20,73,371,9,Rain
2020,9,Osmanabad,38,82,253,12,Rain
2020,9,Palghar,26,68,372,7,Rain
2020,9,Parbhani,27,63,396,3,Rain
2020,9,Pune,21,87,399,5,Rain
2020,9,Raigad,25,77,255,7,Rain
2020,9,Ratnagiri,22,89,273,11,Rain
2020,9,Sangli,26,60,332,11,Rain
2020,9,Satara,28,56,281,6,Rain
2020,9,Sindhudurg,37,45,197,4,Rain
2020,9,Solapur,29,60,280,9,Rain
2020,9,Thane,33,58,389,4,Rain
2020,9,Wardha,31,92,192,9,Rain
2020,9,Washim,36,69,224,10,Rain
2020,9,Yavatmal,32,43,308,2,Rain
2020,10,Ahmednagar,32,94,17,4,Cloudy
2020,10,Akola,21,66,5,2,Cloudy
2020,10,Amravati,20,93,19,3,Cloudy
2020,10,Aurangabad,23,45,17,4,Cloudy
2020,10,Beed,26,61,16,6,Cloudy
2020,10,Bhandara,28,43,5,7,Cloudy
2020,10,Buldhana,29,51,14,12,Cloudy
2020,10,Chandrapur,22,47,9,6,Cloudy
2020,10,Dhule,22,78,11,7,Cloudy
2020,10,Gadchiroli,23,88,1,2,Cloudy
2020,10,Gondia,28,41,5,10,Cloudy
2020,10,Hingoli,20,44,4,7,Cloudy
2020,10,Jalgaon,25,63,12,8,Cloudy
2020,10,Jalna,34,93,3,3,Cloudy
2020,10,Kolhapur,34,59,11,9,Cloudy
2020,10,Latur,27,61,4,4,Cloudy
2020,10,Mumbai City,35,95,5,2,Cloudy
2020,10,Mumbai Suburban,36,56,20,7,Cloudy
2020,10,Nagpur,28,58,10,4,Cloudy
2020,10,Nanded,31,82,19,7,Cloudy
2020,10,Nandurbar,21,77,6,5,Cloudy
2020,10,Nashik,36,42,10,10,Cloudy
2020,10,Osmanabad,28,81,12,8,Cloudy
2020,10,Palghar,33,68,7,10,Cloudy
2020,10,Parbhani,26,47,19,2,Cloudy
2020,10,Pune,34,79,11,4,Cloudy
2020,10,Raigad,28,69,1,2,Cloudy
2020,10,Ratnagiri,32,83,6,8,Cloudy
2020,10,Sangli,30,46,20,6,Cloudy
2020,10,Satara,29,43,7,9,Cloudy
2020,10,Sindhudurg,24,56,1,7,Cloudy
2020,10,Solapur,31,55,1,10,Cloudy
2020,10,Thane,36,75,4,8,Cloudy
2020,10,Wardha,38,60,18,10,Cloudy
2020,10,Washim,26,60,14,6,Cloudy
2020,10,Yavatmal,23,53,5,9,Cloudy
2020,11,Ahmednagar,22,42,18,11,Cloudy
2020,11,Akola,29,45,9,11,Cloudy
2020,11,Amravati,32,57,4,5,Cloudy
2020,11,Aurangabad,35,52,9,8,Cloudy
2020,11,Beed,30,68,20,5,Cloudy
2020,11,Bhandara,20,77,1,3,Cloudy
2020,11,Buldhana,22,89,11,6,Cloudy
2020,11,Chandrapur,24,49,2,9,Cloudy
2020,11,Dhule,20,89,15,10,Cloudy
2020,11,Gadchiroli,24,78,20,3,Cloudy
2020,11,Gondia,22,66,0,8,Cloudy
2020,11,Hingoli,21,64,6,8,Cloudy
2020,11,Jalgaon,27,43,8,2,Cloudy
2020,11,Jalna,23,75,4,6,Cloudy
2020,11,Kolhapur,24,49,0,7,Cloudy
2020,11,Latur,33,46,12,2,Cloudy
2020,11,Mumbai City,23,71,20,10,Cloudy
2020,11,Mumbai Suburban,37,64,12,3,Cloudy
2020,11,Nagpur,36,72,3,3,Cloudy
2020,11,Nanded,21,80,2,3,Cloudy
2020,11,Nandurbar,30,76,15,12,Cloudy
2020,11,Nashik,34,59,2,8,Cloudy
2020,11,Osmanabad,21,94,20,9,Cloudy
2020,11,Palghar,25,53,13,10,Cloudy
2020,11,Parbhani,24,88,16,4,Cloudy
2020,11,Pune,28,54,17,3,Cloudy
2020,11,Raigad,21,65,9,7,Cloudy
2020,11,Ratnagiri,35,82,4,7,Cloudy
2020,11,Sangli,32,84,17,8,Cloudy
2020,11,Satara,33,71,5,5,Cloudy
2020,11,Sindhudurg,29,44,5,12,Cloudy
2020,11,Solapur,32,58,11,8,Cloudy
2020,11,Thane,32,92,9,4,Cloudy
2020,11,Wardha,36,41,18,7,Cloudy
2020,11,Washim,26,40,14,3,Cloudy
2020,11,Yavatmal,28,56,14,3,Cloudy
2020,12,Ahmednagar,25,46,1,4,Cloudy
2020,12,Akola,35,93,5,8,Cloudy
2020,12,Amravati,33,70,4,6,Cloudy
2020,12,Aurangabad,28,77,15,6,Cloudy
2020,12,Beed,38,76,5,11,Cloudy
2020,12,Bhandara,20,80,19,9,Cloudy
2020,12,Buldhana,20,41,3,8,Cloudy
2020,12,Chandrapur,35,84,20,10,Cloudy
2020,12,Dhule,32,66,15,11,Cloudy
2020,12,Gadchiroli,24,54,9,4,Cloudy
2020,12,Gondia,30,91,0,4,Cloudy
2020,12,Hingoli,24,84,13,9,Cloudy
2020,12,Jalgaon,29,89,18,9,Cloudy
2020,12,Jalna,24,74,6,10,Cloudy
2020,12,Kolhapur,22,75,7,9,Cloudy
2020,12,Latur,35,81,7,3,Cloudy
2020,12,Mumbai City,34,45,19,10,Cloudy
2020,12,Mumbai Suburban,23,68,12,10,Cloudy
2020,12,Nagpur,34,90,20,5,Cloudy
2020,12,Nanded,25,93,17,7,Cloudy
2020,12,Nandurbar,31,82,14,11,Cloudy
2020,12,Nashik,37,56,4,3,Cloudy
2020,12,Osmanabad,29,91,16,12,Cloudy
2020,12,Palghar,32,50,20,5,Cloudy
2020,12,Parbhani,33,53,19,5,Cloudy
2020,12,Pune,33,44,0,8,Cloudy
2020,12,Raigad,20,53,7,12,Cloudy
2020,12,Ratnagiri,35,60,18,10,Cloudy
2020,12,Sangli,23,87,5,7,Cloudy
2020,12,Satara,25,76,2,2,Cloudy
2020,12,Sindhudurg,24,78,7,3,Cloudy
2020,12,Solapur,27,45,19,12,Cloudy
2020,12,Thane,31,85,17,11,Cloudy
2020,12,Wardha,23,69,0,12,Cloudy
2020,12,Washim,31,73,9,12,Cloudy
2020,12,Yavatmal,27,86,12,12,Cloudy
2021,1,Ahmednagar,22,43,19,5,Cloudy
2021,1,Akola,23,51,0,5,Cloudy
2021,1,Amravati,20,86,11,9,Cloudy
2021,1,Aurangabad,21,46,19,9,Cloudy
2021,1,Beed,26,91,1,3,Cloudy
2021,1,Bhandara,22,40,11,8,Cloudy
2021,1,Buldhana,29,65,15,7,Cloudy
2021,1,Chandrapur,31,83,20,10,Cloudy
2021,1,Dhule,28,59,1,4,Cloudy
2021,1,Gadchiroli,32,73,15,9,Cloudy
2021,1,Gondia,29,87,15,12,Cloudy
2021,1,Hingoli,33,74,18,6,Cloudy
2021,1,Jalgaon,24,80,4,3,Cloudy
2021,1,Jalna,37,80,14,2,Cloudy
2021,1,Kolhapur,28,64,11,5,Cloudy
2021,1,Latur,36,45,15,3,Cloudy
2021,1,Mumbai City,22,47,6,10,Cloudy
2021,1,Mumbai Suburban,36,63,1,8,Cloudy
2021,1,Nagpur,32,75,15,12,Cloudy
2021,1,Nanded,21,87,9,12,Cloudy
2021,1,Nandurbar,27,51,9,3,Cloudy
2021,1,Nashik,21,55,8,7,Cloudy
2021,1,Osmanabad,37,55,5,3,Cloudy
2021,1,Palghar,27,89,16,10,Cloudy
2021,1,Parbhani,24,40,1,11,Cloudy
2021,1,Pune,33,83,10,5,Cloudy
2021,1,Raigad,21,41,0,8,Cloudy
2021,1,Ratnagiri,37,47,1,6,Cloudy
2021,1,Sangli,32,43,20,2,Cloudy
2021,1,Satara,37,85,16,2,Cloudy
2021,1,Sindhudurg,23,55,5,5,Cloudy
2021,1,Solapur,28,72,4,8,Cloudy
2021,1,Thane,31,88,14,5,Cloudy
2021,1,Wardha,23,60,12,10,Cloudy
2021,1,Washim,25,92,14,2,Cloudy
2021,1,Yavatmal,23,87,14,12,Cloudy
2021,2,Ahmednagar,37,70,10,12,Cloudy
2021,2,Akola,25,80,17,5,Cloudy
2021,2,Amravati,21,55,16,10,Cloudy
2021,2,Aurangabad,32,95,16,11,Cloudy
2021,2,Beed,36,62,4,6,Cloudy
2021,2,Bhandara,32,44,4,6,Cloudy
2021,2,Buldhana,35,81,12,3,Cloudy
2021,2,Chandrapur,26,75,7,2,Cloudy
2021,2,Dhule,28,55,14,3,Cloudy
2021,2,Gadchiroli,31,41,20,5,Cloudy
2021,2,Gondia,23,89,8,3,Cloudy
2021,2,Hingoli,32,55,14,5,Cloudy
2021,2,Jalgaon,38,53,9,3,Cloudy
2021,2,Jalna,28,95,20,8,Cloudy
2021,2,Kolhapur,24,57,7,12,Cloudy
2021,2,Latur,25,92,9,6,Cloudy
2021,2,Mumbai City,30,44,14,2,Cloudy
2021,2,Mumbai Suburban,29,89,1,10,Cloudy
2021,2,Nagpur,27,88,15,6,Cloudy
2021,2,Nanded,25,74,9,4,Cloudy
2021,2,Nandurbar,24,51,15,8,Cloudy
2021,2,Nashik,27,86,13,8,Cloudy
2021,2,Osmanabad,25,88,1,2,Cloudy
2021,2,Palghar,36,85,8,5,Cloudy
2021,2,Parbhani,29,41,16,10,Cloudy
2021,2,Pune,21,69,20,10,Cloudy
2021,2,Raigad,32,60,20,6,Cloudy
2021,2,Ratnagiri,29,89,13,11,Cloudy
2021,2,Sangli,20,60,6,8,Cloudy
2021,2,Satara,27,90,14,6,Cloudy
2021,2,Sindhudurg,37,45,6,11,Cloudy
2021,2,Solapur,21,57,7,5,Cloudy
2021,2,Thane,32,74,14,6,Cloudy
2021,2,Wardha,30,76,9,12,Cloudy
2021,2,Washim,35,80,0,3,Cloudy
2021,2,Yavatmal,30,46,15,2,Cloudy
2021,3,Ahmednagar,36,54,2,7,Hot
2021,3,Akola,21,60,10,2,Hot
2021,3,Amravati,24,84,7,8,Hot
2021,3,Aurangabad,36,76,7,7,Hot
2021,3,Beed,23,80,6,2,Hot
2021,3,Bhandara,31,58,8,9,Hot
2021,3,Buldhana,30,53,6,3,Hot
2021,3,Chandrapur,20,55,9,12,Hot
2021,3,Dhule,37,70,4,8,Hot
2021,3,Gadchiroli,37,52,8,4,Hot
2021,3,Gondia,28,49,0,11,Hot
2021,3,Hingoli,36,76,10,4,Hot
2021,3,Jalgaon,27,72,6,3,Hot
2021,3,Jalna,20,82,8,12,Hot
2021,3,Kolhapur,38,89,4,3,Hot
2021,3,Latur,22,75,7,3,Hot
2021,3,Mumbai City,28,83,6,5,Hot
2021,3,Mumbai Suburban,27,45,8,7,Hot
2021,3,Nagpur,25,48,9,6,Hot
2021,3,Nanded,34,40,0,11,Hot
2021,3,Nandurbar,24,47,5,2,Hot
2021,3,Nashik,23,78,8,5,Hot
2021,3,Osmanabad,30,59,1,11,Hot
2021,3,Palghar,33,46,6,2,Hot
2021,3,Parbhani,25,48,9,6,Hot
2021,3,Pune,33,55,1,3,Hot
2021,3,Raigad,31,48,0,6,Hot
2021,3,Ratnagiri,31,61,3,8,Hot
2021,3,Sangli,29,54,7,4,Hot
2021,3,Satara,22,52,5,11,Hot
2021,3,Sindhudurg,32,66,1,12,Hot
2021,3,Solapur,23,46,3,11,Hot
2021,3,Thane,32,82,2,4,Hot
2021,3,Wardha,38,41,0,8,Hot
2021,3,Washim,24,60,10,7,Hot
2021,3,Yavatmal,30,49,8,7,Hot
2021,4,Ahmednagar,27,82,8,8,Hot
2021,4,Akola,26,46,6,12,Hot
2021,4,Amravati,22,69,1,10,Hot
2021,4,Aurangabad,27,51,10,12,Hot
2021,4,Beed,22,79,7,2,Hot
2021,4,Bhandara,38,94,10,10,Hot
2021,4,Buldhana,20,77,8,5,Hot
2021,4,Chandrapur,31,69,9,3,Hot
2021,4,Dhule,21,56,6,5,Hot
2021,4,Gadchiroli,24,81,8,4,Hot
2021,4,Gondia,20,76,6,5,Hot
2021,4,Hingoli,30,66,2,9,Hot
2021,4,Jalgaon,26,84,4,8,Hot
2021,4,Jalna,23,51,9,6,Hot
2021,4,Kolhapur,25,65,10,9,Hot
2021,4,Latur,22,68,0,3,Hot
2021,4,Mumbai City,21,44,9,8,Hot
2021,4,Mumbai Suburban,23,65,0,5,Hot
2021,4,Nagpur,26,60,8,11,Hot
2021,4,Nanded,34,82,6,6,Hot
2021,4,Nandurbar,37,56,0,9,Hot
2021,4,Nashik,37,74,5,7,Hot
2021,4,Osmanabad,32,91,5,5,Hot
2021,4,Palghar,31,69,1,8,Hot
2021,4,Parbhani,22,67,4,8,Hot
2021,4,Pune,27,72,4,5,Hot
2021,4,Raigad,36,43,6,10,Hot
2021,4,Ratnagiri,22,84,10,9,Hot
2021,4,Sangli,22,42,9,7,Hot
2021,4,Satara,27,75,2,7,Hot
2021,4,Sindhudurg,24,67,8,2,Hot
2021,4,Solapur,27,92,7,3,Hot
2021,4,Thane,35,67,4,7,Hot
2021,4,Wardha,31,43,5,12,Hot
2021,4,Washim,37,85,1,6,Hot
2021,4,Yavatmal,22,66,5,3,Hot
2021,5,Ahmednagar,33,78,2,7,Hot
2021,5,Akola,38,70,4,6,Hot
2021,5,Amravati,33,41,6,2,Hot
2021,5,Aurangabad,33,42,0,2,Hot
2021,5,Beed,21,80,2,12,Hot
2021,5,Bhandara,27,50,4,7,Hot
2021,5,Buldhana,21,95,1,2,Hot
2021,5,Chandrapur,28,74,9,8,Hot
2021,5,Dhule,23,82,6,2,Hot
2021,5,Gadchiroli,36,73,2,5,Hot
2021,5,Gondia,31,54,8,4,Hot
2021,5,Hingoli,31,84,2,7,Hot
2021,5,Jalgaon,37,87,9,8,Hot
2021,5,Jalna,31,45,3,5,Hot
2021,5,Kolhapur,26,50,7,4,Hot
2021,5,Latur,33,45,5,9,Hot
2021,5,Mumbai City,22,94,2,10,Hot
2021,5,Mumbai Suburban,29,91,9,4,Hot
2021,5,Nagpur,37,41,3,11,Hot
2021,5,Nanded,34,45,1,12,Hot
2021,5,Nandurbar,24,72,10,7,Hot
2021,5,Nashik,37,56,3,7,Hot
2021,5,Osmanabad,28,45,2,9,Hot
2021,5,Palghar,26,93,1,8,Hot
2021,5,Parbhani,30,78,10,6,Hot
2021,5,Pune,28,45,7,8,Hot
2021,5,Raigad,33,55,7,5,Hot
2021,5,Ratnagiri,32,74,10,6,Hot
2021,5,Sangli,36,56,3,6,Hot
2021,5,Satara,20,41,0,10,Hot
2021,5,Sindhudurg,20,82,4,9,Hot
2021,5,Solapur,25,82,1,10,Hot
2021,5,Thane,20,68,5,6,Hot
2021,5,Wardha,33,90,0,4,Hot
2021,5,Washim,21,82,3,9,Hot
2021,5,Yavatmal,20,49,3,5,Hot
2021,6,Ahmednagar,32,66,172,4,Rain
2021,6,Akola,36,94,251,6,Rain
2021,6,Amravati,27,82,358,12,Rain
2021,6,Aurangabad,24,42,104,11,Rain
2021,6,Beed,20,56,192,9,Rain
2021,6,Bhandara,29,47,362,2,Rain
2021,6,Buldhana,35,73,125,4,Rain
2021,6,Chandrapur,21,92,287,4,Rain
2021,6,Dhule,32,56,314,10,Rain
2021,6,Gadchiroli,37,75,207,2,Rain
2021,6,Gondia,21,90,276,3,Rain
2021,6,Hingoli,22,95,160,7,Rain
2021,6,Jalgaon,36,78,277,9,Rain
2021,6,Jalna,35,92,243,4,Rain
2021,6,Kolhapur,24,57,351,3,Rain
2021,6,Latur,35,45,268,4,Rain
2021,6,Mumbai City,35,64,226,3,Rain
2021,6,Mumbai Suburban,34,62,265,3,Rain
2021,6,Nagpur,38,90,301,9,Rain
2021,6,Nanded,31,89,167,7,Rain
2021,6,Nandurbar,24,51,175,6,Rain
2021,6,Nashik,38,53,171,5,Rain
2021,6,Osmanabad,33,48,362,9,Rain
2021,6,Palghar,20,69,333,3,Rain
2021,6,Parbhani,31,68,359,5,Rain
2021,6,Pune,38,91,329,12,Rain
2021,6,Raigad,35,95,185,6,Rain
2021,6,Ratnagiri,33,89,247,11,Rain
2021,6,Sangli,35,78,295,2,Rain
2021,6,Satara,26,60,359,8,Rain
2021,6,Sindhudurg,30,64,370,6,Rain
2021,6,Solapur,34,63,283,3,Rain
2021,6,Thane,26,45,108,8,Rain
2021,6,Wardha,25,47,164,5,Rain
2021,6,Washim,36,81,314,7,Rain
2021,6,Yavatmal,29,89,353,11,Rain
2021,7,Ahmednagar,28,62,305,9,Rain
2021,7,Akola,34,87,238,9,Rain
2021,7,Amravati,30,55,244,6,Rain
2021,7,Aurangabad,20,85,365,5,Rain
2021,7,Beed,20,58,224,2,Rain
2021,7,Bhandara,31,89,366,10,Rain
2021,7,Buldhana,37,77,178,12,Rain
2021,7,Chandrapur,21,40,154,5,Rain
2021,7,Dhule,30,64,104,2,Rain
2021,7,Gadchiroli,30,70,121,8,Rain
2021,7,Gondia,30,78,319,7,Rain
2021,7,Hingoli,28,48,148,8,Rain
2021,7,Jalgaon,32,51,221,5,Rain
2021,7,Jalna,23,45,395,7,Rain
2021,7,Kolhapur,21,80,337,4,Rain
2021,7,Latur,31,47,394,10,Rain
2021,7,Mumbai City,33,61,392,7,Rain
2021,7,Mumbai Suburban,34,47,216,9,Rain
2021,7,Nagpur,31,76,271,12,Rain
2021,7,Nanded,25,92,337,11,Rain
2021,7,Nandurbar,24,81,355,2,Rain
2021,7,Nashik,27,75,243,3,Rain
2021,7,Osmanabad,28,69,269,3,Rain
2021,7,Palghar,25,68,370,6,Rain
2021,7,Parbhani,31,55,130,6,Rain
2021,7,Pune,27,87,271,2,Rain
2021,7,Raigad,37,55,280,9,Rain
2021,7,Ratnagiri,26,58,377,10,Rain
2021,7,Sangli,38,56,271,11,Rain
2021,7,Satara,22,51,117,5,Rain
2021,7,Sindhudurg,27,65,263,12,Rain
2021,7,Solapur,33,94,107,12,Rain
2021,7,Thane,29,73,387,12,Rain
2021,7,Wardha,37,94,329,9,Rain
2021,7,Washim,37,80,305,7,Rain
2021,7,Yavatmal,37,49,218,3,Rain
2021,8,Ahmednagar,36,84,357,5,Rain
2021,8,Akola,28,60,102,10,Rain
2021,8,Amravati,24,95,185,6,Rain
2021,8,Aurangabad,22,74,285,5,Rain
2021,8,Beed,35,94,388,3,Rain
2021,8,Bhandara,22,48,146,9,Rain
2021,8,Buldhana,29,64,372,4,Rain
2021,8,Chandrapur,23,54,326,8,Rain
2021,8,Dhule,28,89,278,5,Rain
2021,8,Gadchiroli,33,54,375,3,Rain
2021,8,Gondia,27,53,215,5,Rain
2021,8,Hingoli,38,80,347,2,Rain
2021,8,Jalgaon,36,71,348,5,Rain
2021,8,Jalna,25,46,389,4,Rain
2021,8,Kolhapur,37,63,155,11,Rain
2021,8,Latur,24,50,356,10,Rain
2021,8,Mumbai City,25,59,124,6,Rain
2021,8,Mumbai Suburban,25,48,389,8,Rain
2021,8,Nagpur,38,70,281,8,Rain
2021,8,Nanded,26,77,202,5,Rain
2021,8,Nandurbar,35,42,109,5,Rain
2021,8,Nashik,33,40,245,4,Rain
2021,8,Osmanabad,25,83,100,6,Rain
2021,8,Palghar,25,79,227,7,Rain
2021,8,Parbhani,36,78,309,12,Rain
2021,8,Pune,24,80,380,7,Rain
2021,8,Raigad,21,77,165,6,Rain
2021,8,Ratnagiri,32,45,229,7,Rain
2021,8,Sangli,35,43,299,6,Rain
2021,8,Satara,34,55,316,12,Rain
2021,8,Sindhudurg,37,86,217,12,Rain
2021,8,Solapur,37,82,291,4,Rain
2021,8,Thane,30,47,388,7,Rain
2021,8,Wardha,32,40,350,4,Rain
2021,8,Washim,24,51,140,4,Rain
2021,8,Yavatmal,25,59,225,10,Rain
2021,9,Ahmednagar,26,50,201,12,Rain
2021,9,Akola,28,59,244,11,Rain
2021,9,Amravati,29,50,336,12,Rain
2021,9,Aurangabad,36,47,166,7,Rain
2021,9,Beed,35,90,244,4,Rain
2021,9,Bhandara,22,61,298,10,Rain
2021,9,Buldhana,24,87,230,3,Rain
2021,9,Chandrapur,35,71,105,3,Rain
2021,9,Dhule,36,91,219,10,Rain
2021,9,Gadchiroli,24,59,341,8,Rain
2021,9,Gondia,22,63,367,5,Rain
2021,9,Hingoli,27,53,217,9,Rain
2021,9,Jalgaon,35,44,369,12,Rain
2021,9,Jalna,20,63,185,9,Rain
2021,9,Kolhapur,35,91,356,4,Rain
2021,9,Latur,21,68,113,9,Rain
2021,9,Mumbai City,23,63,297,6,Rain
2021,9,Mumbai Suburban,33,50,326,10,Rain
2021,9,Nagpur,35,71,225,7,Rain
2021,9,Nanded,26,43,321,5,Rain
2021,9,Nandurbar,31,46,107,3,Rain
2021,9,Nashik,24,87,222,6,Rain
2021,9,Osmanabad,24,52,211,4,Rain
2021,9,Palghar,28,81,170,2,Rain
2021,9,Parbhani,38,47,272,2,Rain
2021,9,Pune,23,55,318,10,Rain
2021,9,Raigad,31,58,320,7,Rain
2021,9,Ratnagiri,38,54,307,10,Rain
2021,9,Sangli,22,58,388,3,Rain
2021,9,Satara,24,86,211,8,Rain
2021,9,Sindhudurg,30,53,141,3,Rain
2021,9,Solapur,31,62,292,6,Rain
2021,9,Thane,23,74,333,9,Rain
2021,9,Wardha,20,76,162,3,Rain
2021,9,Washim,28,85,138,5,Rain
2021,9,Yavatmal,27,42,179,11,Rain
2021,10,Ahmednagar,24,93,6,12,Cloudy
2021,10,Akola,33,45,1,11,Cloudy
2021,10,Amravati,32,53,6,3,Cloudy
2021,10,Aurangabad,26,62,3,3,Cloudy
2021,10,Beed,27,66,14,11,Cloudy
2021,10,Bhandara,24,71,9,2,Cloudy
2021,10,Buldhana,30,93,6,2,Cloudy
2021,10,Chandrapur,20,83,20,12,Cloudy
2021,10,Dhule,22,66,14,7,Cloudy
2021,10,Gadchiroli,22,43,10,9,Cloudy
2021,10,Gondia,22,85,5,11,Cloudy
2021,10,Hingoli,38,88,13,6,Cloudy
2021,10,Jalgaon,24,91,2,12,Cloudy
2021,10,Jalna,37,76,14,4,Cloudy
2021,10,Kolhapur,37,61,8,6,Cloudy
2021,10,Latur,28,72,13,7,Cloudy
2021,10,Mumbai City,24,90,20,6,Cloudy
2021,10,Mumbai Suburban,34,93,3,8,Cloudy
2021,10,Nagpur,22,66,11,6,Cloudy
2021,10,Nanded,21,71,20,8,Cloudy
2021,10,Nandurbar,36,83,17,4,Cloudy
2021,10,Nashik,31,83,20,8,Cloudy
2021,10,Osmanabad,20,59,0,7,Cloudy
2021,10,Palghar,36,42,8,4,Cloudy
2021,10,Parbhani,26,60,7,12,Cloudy
2021,10,Pune,33,65,4,8,Cloudy
2021,10,Raigad,38,88,0,9,Cloudy
2021,10,Ratnagiri,27,65,2,2,Cloudy
2021,10,Sangli,21,61,6,7,Cloudy
2021,10,Satara,24,41,6,8,Cloudy
2021,10,Sindhudurg,31,45,13,10,Cloudy
2021,10,Solapur,36,55,3,4,Cloudy
2021,10,Thane,38,67,12,5,Cloudy
2021,10,Wardha,20,70,15,10,Cloudy
2021,10,Washim,35,92,13,6,Cloudy
2021,10,Yavatmal,28,87,20,7,Cloudy
2021,11,Ahmednagar,33,65,5,4,Cloudy
2021,11,Akola,31,79,9,8,Cloudy
2021,11,Amravati,31,40,18,4,Cloudy
2021,11,Aurangabad,32,56,8,10,Cloudy
2021,11,Beed,35,72,16,11,Cloudy
2021,11,Bhandara,36,66,11,7,Cloudy
2021,11,Buldhana,38,61,5,5,Cloudy
2021,11,Chandrapur,23,85,4,10,Cloudy
2021,11,Dhule,21,50,8,10,Cloudy
2021,11,Gadchiroli,29,66,14,12,Cloudy
2021,11,Gondia,24,47,1,11,Cloudy
2021,11,Hingoli,33,63,14,11,Cloudy
2021,11,Jalgaon,35,54,11,2,Cloudy
2021,11,Jalna,31,82,18,12,Cloudy
2021,11,Kolhapur,33,51,13,5,Cloudy
2021,11,Latur,28,65,4,6,Cloudy
2021,11,Mumbai City,20,67,11,10,Cloudy
2021,11,Mumbai Suburban,22,87,2,4,Cloudy
2021,11,Nagpur,21,44,6,10,Cloudy
2021,11,Nanded,38,80,18,8,Cloudy
2021,11,Nandurbar,21,41,17,5,Cloudy
2021,11,Nashik,38,44,12,2,Cloudy
2021,11,Osmanabad,26,42,0,7,Cloudy
2021,11,Palghar,32,71,8,4,Cloudy
2021,11,Parbhani,36,49,8,12,Cloudy
2021,11,Pune,23,60,10,5,Cloudy
2021,11,Raigad,36,59,15,3,Cloudy
2021,11,Ratnagiri,37,56,18,11,Cloudy
2021,11,Sangli,21,58,17,5,Cloudy
2021,11,Satara,35,43,0,11,Cloudy
2021,11,Sindhudurg,31,90,6,7,Cloudy
2021,11,Solapur,33,41,1,9,Cloudy
2021,11,Thane,37,81,17,5,Cloudy
2021,11,Wardha,37,59,13,6,Cloudy
2021,11,Washim,28,57,18,8,Cloudy
2021,11,Yavatmal,37,94,9,8,Cloudy
2021,12,Ahmednagar,25,86,1,4,Cloudy
2021,12,Akola,33,78,18,10,Cloudy
2021,12,Amravati,24,91,19,9,Cloudy
2021,12,Aurangabad,23,47,13,5,Cloudy
2021,12,Beed,36,62,17,8,Cloudy
2021,12,Bhandara,22,84,19,4,Cloudy
2021,12,Buldhana,34,87,1,6,Cloudy
2021,12,Chandrapur,27,69,1,11,Cloudy
2021,12,Dhule,28,88,12,8,Cloudy
2021,12,Gadchiroli,32,67,16,9,Cloudy
2021,12,Gondia,27,88,2,6,Cloudy
2021,12,Hingoli,22,76,6,10,Cloudy
2021,12,Jalgaon,28,75,17,3,Cloudy
2021,12,Jalna,32,75,0,3,Cloudy
2021,12,Kolhapur,35,54,0,6,Cloudy
2021,12,Latur,25,47,18,11,Cloudy
2021,12,Mumbai City,22,61,4,11,Cloudy
2021,12,Mumbai Suburban,24,69,15,3,Cloudy
2021,12,Nagpur,33,47,11,10,Cloudy
2021,12,Nanded,30,75,17,8,Cloudy
2021,12,Nandurbar,24,50,19,12,Cloudy
2021,12,Nashik,23,52,17,3,Cloudy
2021,12,Osmanabad,35,82,2,3,Cloudy
2021,12,Palghar,37,84,18,10,Cloudy
2021,12,Parbhani,26,42,1,5,Cloudy
2021,12,Pune,26,60,9,7,Cloudy
2021,12,Raigad,21,90,10,12,Cloudy
2021,12,Ratnagiri,34,89,10,3,Cloudy
2021,12,Sangli,33,94,4,2,Cloudy
2021,12,Satara,37,65,14,11,Cloudy
2021,12,Sindhudurg,32,62,16,5,Cloudy
2021,12,Solapur,24,77,19,11,Cloudy
2021,12,Thane,25,47,10,11,Cloudy
2021,12,Wardha,37,43,8,9,Cloudy
2021,12,Washim,22,55,17,10,Cloudy
2021,12,Yavatmal,30,53,14,8,Cloudy
2022,1,Ahmednagar,31,60,14,4,Cloudy
2022,1,Akola,35,92,19,10,Cloudy
2022,1,Amravati,36,70,10,2,Cloudy
2022,1,Aurangabad,22,50,12,10,Cloudy
2022,1,Beed,22,41,14,5,Cloudy
2022,1,Bhandara,29,54,9,5,Cloudy
2022,1,Buldhana,22,80,0,11,Cloudy
2022,1,Chandrapur,23,82,13,3,Cloudy
2022,1,Dhule,30,78,8,4,Cloudy
2022,1,Gadchiroli,24,58,3,9,Cloudy
2022,1,Gondia,20,61,15,4,Cloudy
2022,1,Hingoli,20,79,2,12,Cloudy
2022,1,Jalgaon,20,82,20,4,Cloudy
2022,1,Jalna,25,71,5,5,Cloudy
2022,1,Kolhapur,34,85,6,11,Cloudy
2022,1,Latur,27,72,18,9,Cloudy
2022,1,Mumbai City,21,83,12,10,Cloudy
2022,1,Mumbai Suburban,26,54,18,9,Cloudy
2022,1,Nagpur,31,59,0,8,Cloudy
2022,1,Nanded,32,86,12,12,Cloudy
2022,1,Nandurbar,24,53,6,11,Cloudy
2022,1,Nashik,29,47,0,12,Cloudy
2022,1,Osmanabad,32,48,18,4,Cloudy
2022,1,Palghar,26,86,9,9,Cloudy
2022,1,Parbhani,29,44,1,4,Cloudy
2022,1,Pune,25,84,0,2,Cloudy
2022,1,Raigad,24,61,20,9,Cloudy
2022,1,Ratnagiri,37,49,0,8,Cloudy
2022,1,Sangli,28,56,11,10,Cloudy
2022,1,Satara,20,66,2,8,Cloudy
2022,1,Sindhudurg,37,55,6,9,Cloudy
2022,1,Solapur,23,61,19,7,Cloudy
2022,1,Thane,30,60,14,3,Cloudy
2022,1,Wardha,25,40,1,11,Cloudy
2022,1,Washim,30,76,6,10,Cloudy
2022,1,Yavatmal,30,47,4,7,Cloudy
2022,2,Ahmednagar,23,59,20,6,Cloudy
2022,2,Akola,26,84,18,6,Cloudy
2022,2,Amravati,29,71,3,7,Cloudy
2022,2,Aurangabad,33,70,9,12,Cloudy
2022,2,Beed,22,88,17,9,Cloudy
2022,2,Bhandara,21,75,7,7,Cloudy
2022,2,Buldhana,36,78,10,5,Cloudy
2022,2,Chandrapur,26,45,4,2,Cloudy
2022,2,Dhule,33,75,18,9,Cloudy
2022,2,Gadchiroli,34,75,5,12,Cloudy
2022,2,Gondia,22,74,5,7,Cloudy
2022,2,Hingoli,37,93,10,11,Cloudy
2022,2,Jalgaon,25,42,8,2,Cloudy
2022,2,Jalna,33,44,0,8,Cloudy
2022,2,Kolhapur,23,93,11,7,Cloudy
2022,2,Latur,23,61,17,12,Cloudy
2022,2,Mumbai City,33,70,9,10,Cloudy
2022,2,Mumbai Suburban,25,93,8,7,Cloudy
2022,2,Nagpur,38,89,1,7,Cloudy
2022,2,Nanded,36,69,13,3,Cloudy
2022,2,Nandurbar,31,43,20,9,Cloudy
2022,2,Nashik,32,66,14,7,Cloudy
2022,2,Osmanabad,22,44,16,3,Cloudy
2022,2,Palghar,36,60,18,9,Cloudy
2022,2,Parbhani,22,72,6,8,Cloudy
2022,2,Pune,26,52,9,9,Cloudy
2022,2,Raigad,32,62,6,10,Cloudy
2022,2,Ratnagiri,35,82,18,2,Cloudy
2022,2,Sangli,20,41,2,8,Cloudy
2022,2,Satara,37,61,8,11,Cloudy
2022,2,Sindhudurg,28,72,9,8,Cloudy
2022,2,Solapur,24,55,0,7,Cloudy
2022,2,Thane,28,71,10,3,Cloudy
2022,2,Wardha,38,53,12,4,Cloudy
2022,2,Washim,33,60,1,2,Cloudy
2022,2,Yavatmal,22,67,6,3,Cloudy
2022,3,Ahmednagar,26,49,1,8,Hot
2022,3,Akola,26,92,6,3,Hot
2022,3,Amravati,28,75,7,11,Hot
2022,3,Aurangabad,22,56,1,5,Hot
2022,3,Beed,30,84,5,2,Hot
2022,3,Bhandara,24,66,0,6,Hot
2022,3,Buldhana,32,77,2,2,Hot
2022,3,Chandrapur,24,91,5,10,Hot
2022,3,Dhule,31,58,0,8,Hot
2022,3,Gadchiroli,34,42,2,3,Hot
2022,3,Gondia,34,56,1,4,Hot
2022,3,Hingoli,31,53,6,6,Hot
2022,3,Jalgaon,23,59,5,11,Hot
2022,3,Jalna,33,59,2,2,Hot
2022,3,Kolhapur,35,48,0,2,Hot
2022,3,Latur,29,63,1,10,Hot
2022,3,Mumbai City,36,72,1,11,Hot
2022,3,Mumbai Suburban,34,81,0,9,Hot
2022,3,Nagpur,23,42,3,6,Hot
2022,3,Nanded,33,79,0,11,Hot
2022,3,Nandurbar,28,81,0,12,Hot
2022,3,Nashik,36,92,1,9,Hot
2022,3,Osmanabad,28,63,9,8,Hot
2022,3,Palghar,33,43,2,4,Hot
2022,3,Parbhani,20,79,9,11,Hot
2022,3,Pune,36,60,9,12,Hot
2022,3,Raigad,31,59,0,9,Hot
2022,3,Ratnagiri,22,66,5,2,Hot
2022,3,Sangli,35,62,1,6,Hot
2022,3,Satara,35,71,9,9,Hot
2022,3,Sindhudurg,24,78,8,2,Hot
2022,3,Solapur,33,90,3,11,Hot
2022,3,Thane,38,89,6,4,Hot
2022,3,Wardha,36,66,8,4,Hot
2022,3,Washim,37,67,6,9,Hot
2022,3,Yavatmal,30,82,4,5,Hot
2022,4,Ahmednagar,20,40,6,4,Hot
2022,4,Akola,37,91,6,10,Hot
2022,4,Amravati,32,93,8,4,Hot
2022,4,Aurangabad,25,63,8,3,Hot
2022,4,Beed,33,84,7,6,Hot
2022,4,Bhandara,36,88,9,7,Hot
2022,4,Buldhana,36,75,7,8,Hot
2022,4,Chandrapur,30,66,5,9,Hot
2022,4,Dhule,37,51,1,9,Hot
2022,4,Gadchiroli,37,48,7,2,Hot
2022,4,Gondia,36,44,10,4,Hot
2022,4,Hingoli,24,91,6,12,Hot
2022,4,Jalgaon,38,93,7,2,Hot
2022,4,Jalna,23,79,6,6,Hot
2022,4,Kolhapur,23,76,5,11,Hot
2022,4,Latur,36,79,3,11,Hot
2022,4,Mumbai City,36,57,4,8,Hot
2022,4,Mumbai Suburban,34,58,7,12,Hot
2022,4,Nagpur,27,46,0,2,Hot
2022,4,Nanded,24,88,2,11,Hot
2022,4,Nandurbar,28,94,8,4,Hot
2022,4,Nashik,34,44,10,6,Hot
2022,4,Osmanabad,25,66,10,4,Hot
2022,4,Palghar,33,48,1,8,Hot
2022,4,Parbhani,27,55,8,2,Hot
2022,4,Pune,33,75,7,12,Hot
2022,4,Raigad,32,45,9,12,Hot
2022,4,Ratnagiri,32,48,10,3,Hot
2022,4,Sangli,36,91,7,4,Hot
2022,4,Satara,37,42,5,4,Hot
2022,4,Sindhudurg,38,41,10,7,Hot
2022,4,Solapur,26,77,3,6,Hot
2022,4,Thane,22,84,1,12,Hot
2022,4,Wardha,34,49,0,9,Hot
2022,4,Washim,37,77,4,3,Hot
2022,4,Yavatmal,38,80,6,4,Hot
2022,5,Ahmednagar,36,54,1,3,Hot
2022,5,Akola,32,82,10,11,Hot
2022,5,Amravati,38,85,7,2,Hot
2022,5,Aurangabad,21,45,10,9,Hot
2022,5,Beed,28,76,10,6,Hot
2022,5,Bhandara,30,85,8,5,Hot
2022,5,Buldhana,22,66,8,7,Hot
2022,5,Chandrapur,27,57,6,8,Hot
2022,5,Dhule,21,72,10,7,Hot
2022,5,Gadchiroli,23,88,7,4,Hot
2022,5,Gondia,33,42,2,8,Hot
2022,5,Hingoli,27,92,6,7,Hot
2022,5,Jalgaon,25,62,5,4,Hot
2022,5,Jalna,23,54,4,3,Hot
2022,5,Kolhapur,25,94,10,7,Hot
2022,5,Latur,24,62,7,10,Hot
2022,5,Mumbai City,33,43,0,12,Hot
2022,5,Mumbai Suburban,28,69,4,2,Hot
2022,5,Nagpur,25,89,4,6,Hot
2022,5,Nanded,24,40,6,6,Hot
2022,5,Nandurbar,21,54,9,4,Hot
2022,5,Nashik,30,83,5,6,Hot
2022,5,Osmanabad,22,90,5,6,Hot
2022,5,Palghar,27,78,2,3,Hot
2022,5,Parbhani,35,68,9,9,Hot
2022,5,Pune,25,45,5,11,Hot
2022,5,Raigad,26,51,4,7,Hot
2022,5,Ratnagiri,25,61,6,10,Hot
2022,5,Sangli,29,65,7,4,Hot
2022,5,Satara,33,49,4,2,Hot
2022,5,Sindhudurg,24,68,6,7,Hot
2022,5,Solapur,24,76,4,5,Hot
2022,5,Thane,31,94,10,8,Hot
2022,5,Wardha,31,77,3,3,Hot
2022,5,Washim,36,91,7,9,Hot
2022,5,Yavatmal,29,79,2,12,Hot
2022,6,Ahmednagar,36,85,253,2,Rain
2022,6,Akola,22,40,212,12,Rain
2022,6,Amravati,35,54,311,5,Rain
2022,6,Aurangabad,27,74,152,3,Rain
2022,6,Beed,28,77,387,10,Rain
2022,6,Bhandara,28,40,336,11,Rain
2022,6,Buldhana,25,88,254,10,Rain
2022,6,Chandrapur,36,51,307,8,Rain
2022,6,Dhule,32,74,131,10,Rain
2022,6,Gadchiroli,28,56,102,6,Rain
2022,6,Gondia,25,90,319,12,Rain
2022,6,Hingoli,20,49,125,7,Rain
2022,6,Jalgaon,24,90,191,12,Rain
2022,6,Jalna,26,48,154,3,Rain
2022,6,Kolhapur,38,75,340,6,Rain
2022,6,Latur,21,93,243,4,Rain
2022,6,Mumbai City,37,93,255,11,Rain
2022,6,Mumbai Suburban,38,84,210,4,Rain
2022,6,Nagpur,37,64,389,3,Rain
2022,6,Nanded,26,42,112,3,Rain
2022,6,Nandurbar,29,62,102,4,Rain
2022,6,Nashik,34,64,311,7,Rain
2022,6,Osmanabad,33,52,298,6,Rain
2022,6,Palghar,25,86,110,8,Rain
2022,6,Parbhani,38,71,220,7,Rain
2022,6,Pune,24,41,205,2,Rain
2022,6,Raigad,27,42,274,10,Rain
2022,6,Ratnagiri,24,48,123,11,Rain
2022,6,Sangli,26,43,254,9,Rain
2022,6,Satara,31,86,289,7,Rain
2022,6,Sindhudurg,23,43,344,11,Rain
2022,6,Solapur,26,48,384,8,Rain
2022,6,Thane,26,47,223,6,Rain
2022,6,Wardha,36,83,366,8,Rain
2022,6,Washim,36,84,379,4,Rain
2022,6,Yavatmal,37,61,282,7,Rain
2022,7,Ahmednagar,33,49,241,7,Rain
2022,7,Akola,38,86,236,10,Rain
2022,7,Amravati,35,74,173,8,Rain
2022,7,Aurangabad,21,95,306,7,Rain
2022,7,Beed,27,93,382,9,Rain
2022,7,Bhandara,38,59,330,11,Rain
2022,7,Buldhana,37,93,167,12,Rain
2022,7,Chandrapur,20,82,233,5,Rain
2022,7,Dhule,26,73,198,11,Rain
2022,7,Gadchiroli,30,61,231,12,Rain
2022,7,Gondia,35,76,384,6,Rain
2022,7,Hingoli,22,67,149,12,Rain
2022,7,Jalgaon,21,46,264,4,Rain
2022,7,Jalna,30,90,227,8,Rain
2022,7,Kolhapur,24,63,172,3,Rain
2022,7,Latur,31,75,231,3,Rain
2022,7,Mumbai City,24,83,183,9,Rain
2022,7,Mumbai Suburban,31,57,296,7,Rain
2022,7,Nagpur,38,49,158,9,Rain
2022,7,Nanded,23,65,155,2,Rain
2022,7,Nandurbar,31,90,180,3,Rain
2022,7,Nashik,25,43,302,9,Rain
2022,7,Osmanabad,35,72,197,8,Rain
2022,7,Palghar,30,77,370,11,Rain
2022,7,Parbhani,36,73,249,12,Rain
2022,7,Pune,32,43,374,3,Rain
2022,7,Raigad,30,51,149,12,Rain
2022,7,Ratnagiri,37,67,140,5,Rain
2022,7,Sangli,35,81,141,2,Rain
2022,7,Satara,30,62,285,12,Rain
2022,7,Sindhudurg,35,72,254,8,Rain
2022,7,Solapur,31,77,302,9,Rain
2022,7,Thane,31,50,132,7,Rain
2022,7,Wardha,37,52,193,6,Rain
2022,7,Washim,37,65,191,8,Rain
2022,7,Yavatmal,30,82,166,8,Rain
2022,8,Ahmednagar,37,62,316,4,Rain
2022,8,Akola,35,79,238,7,Rain
2022,8,Amravati,24,74,205,10,Rain
2022,8,Aurangabad,25,77,312,11,Rain
2022,8,Beed,25,91,305,11,Rain
2022,8,Bhandara,27,76,300,3,Rain
2022,8,Buldhana,37,72,316,10,Rain
2022,8,Chandrapur,34,48,144,8,Rain
2022,8,Dhule,36,76,247,10,Rain
2022,8,Gadchiroli,25,73,306,11,Rain
2022,8,Gondia,21,93,206,4,Rain
2022,8,Hingoli,35,52,239,10,Rain
2022,8,Jalgaon,35,64,263,4,Rain
2022,8,Jalna,33,86,136,7,Rain
2022,8,Kolhapur,27,56,296,3,Rain
2022,8,Latur,37,60,364,12,Rain
2022,8,Mumbai City,23,65,114,7,Rain
2022,8,Mumbai Suburban,37,60,283,12,Rain
2022,8,Nagpur,23,95,139,9,Rain
2022,8,Nanded,38,77,378,8,Rain
2022,8,Nandurbar,28,60,290,9,Rain
2022,8,Nashik,25,50,357,10,Rain
2022,8,Osmanabad,37,40,224,4,Rain
2022,8,Palghar,33,81,125,2,Rain
2022,8,Parbhani,21,70,375,11,Rain
2022,8,Pune,36,43,327,10,Rain
2022,8,Raigad,28,90,327,11,Rain
2022,8,Ratnagiri,30,85,316,9,Rain
2022,8,Sangli,31,40,146,10,Rain
2022,8,Satara,35,76,390,6,Rain
2022,8,Sindhudurg,23,75,193,5,Rain
2022,8,Solapur,35,88,295,11,Rain
2022,8,Thane,28,88,297,9,Rain
2022,8,Wardha,31,92,155,10,Rain
2022,8,Washim,22,50,391,2,Rain
2022,8,Yavatmal,27,51,397,9,Rain
2022,9,Ahmednagar,27,41,246,4,Rain
2022,9,Akola,27,93,140,3,Rain
2022,9,Amravati,34,75,241,2,Rain
2022,9,Aurangabad,38,90,342,5,Rain
2022,9,Beed,33,86,373,2,Rain
2022,9,Bhandara,28,67,158,11,Rain
2022,9,Buldhana,35,78,299,2,Rain
2022,9,Chandrapur,35,43,379,9,Rain
2022,9,Dhule,26,63,141,9,Rain
2022,9,Gadchiroli,21,40,161,8,Rain
2022,9,Gondia,32,42,306,2,Rain
2022,9,Hingoli,30,65,394,6,Rain
2022,9,Jalgaon,32,67,162,4,Rain
2022,9,Jalna,24,91,118,2,Rain
2022,9,Kolhapur,20,83,175,5,Rain
2022,9,Latur,26,48,363,11,Rain
2022,9,Mumbai City,34,44,147,4,Rain
2022,9,Mumbai Suburban,21,91,393,12,Rain
2022,9,Nagpur,30,85,143,3,Rain
2022,9,Nanded,26,48,296,3,Rain
2022,9,Nandurbar,32,74,324,3,Rain
2022,9,Nashik,22,86,120,3,Rain
2022,9,Osmanabad,30,55,231,8,Rain
2022,9,Palghar,38,91,361,3,Rain
2022,9,Parbhani,31,44,365,3,Rain
2022,9,Pune,21,77,130,8,Rain
2022,9,Raigad,20,53,340,6,Rain
2022,9,Ratnagiri,33,51,346,5,Rain
2022,9,Sangli,25,51,325,2,Rain
2022,9,Satara,29,50,384,6,Rain
2022,9,Sindhudurg,24,82,357,9,Rain
2022,9,Solapur,27,48,110,2,Rain
2022,9,Thane,38,60,263,6,Rain
2022,9,Wardha,31,51,291,2,Rain
2022,9,Washim,32,59,152,4,Rain
2022,9,Yavatmal,24,73,216,12,Rain
2022,10,Ahmednagar,30,80,19,10,Cloudy
2022,10,Akola,22,79,15,8,Cloudy
2022,10,Amravati,32,48,16,2,Cloudy
2022,10,Aurangabad,38,61,6,9,Cloudy
2022,10,Beed,25,57,14,5,Cloudy
2022,10,Bhandara,35,63,11,5,Cloudy
2022,10,Buldhana,21,46,0,12,Cloudy
2022,10,Chandrapur,34,94,16,10,Cloudy
2022,10,Dhule,26,68,1,12,Cloudy
2022,10,Gadchiroli,37,71,18,3,Cloudy
2022,10,Gondia,38,88,18,2,Cloudy
2022,10,Hingoli,26,58,19,2,Cloudy
2022,10,Jalgaon,23,73,3,11,Cloudy
2022,10,Jalna,35,84,9,2,Cloudy
2022,10,Kolhapur,23,88,6,7,Cloudy
2022,10,Latur,24,81,10,10,Cloudy
2022,10,Mumbai City,31,43,19,6,Cloudy
2022,10,Mumbai Suburban,24,80,10,11,Cloudy
2022,10,Nagpur,34,49,7,9,Cloudy
2022,10,Nanded,28,89,0,10,Cloudy
2022,10,Nandurbar,31,87,15,11,Cloudy
2022,10,Nashik,25,92,5,9,Cloudy
2022,10,Osmanabad,21,87,15,12,Cloudy
2022,10,Palghar,36,78,6,7,Cloudy
2022,10,Parbhani,32,57,11,5,Cloudy
2022,10,Pune,26,66,10,8,Cloudy
2022,10,Raigad,23,90,19,5,Cloudy
2022,10,Ratnagiri,34,80,10,3,Cloudy
2022,10,Sangli,29,47,15,4,Cloudy
2022,10,Satara,36,51,18,12,Cloudy
2022,10,Sindhudurg,35,49,0,7,Cloudy
2022,10,Solapur,38,72,1,9,Cloudy
2022,10,Thane,31,79,14,9,Cloudy
2022,10,Wardha,24,48,2,4,Cloudy
2022,10,Washim,24,95,19,6,Cloudy
2022,10,Yavatmal,29,65,2,10,Cloudy
2022,11,Ahmednagar,23,41,0,4,Cloudy
2022,11,Akola,22,85,17,5,Cloudy
2022,11,Amravati,25,68,14,8,Cloudy
2022,11,Aurangabad,22,45,20,3,Cloudy
2022,11,Beed,20,56,19,5,Cloudy
2022,11,Bhandara,30,66,20,5,Cloudy
2022,11,Buldhana,25,67,16,11,Cloudy
2022,11,Chandrapur,21,93,9,9,Cloudy
2022,11,Dhule,22,50,16,2,Cloudy
2022,11,Gadchiroli,20,46,20,12,Cloudy
2022,11,Gondia,29,90,3,11,Cloudy
2022,11,Hingoli,21,69,18,10,Cloudy
2022,11,Jalgaon,29,87,10,2,Cloudy
2022,11,Jalna,25,40,17,10,Cloudy
2022,11,Kolhapur,37,63,2,2,Cloudy
2022,11,Latur,30,52,1,2,Cloudy
2022,11,Mumbai City,20,81,11,11,Cloudy
2022,11,Mumbai Suburban,29,66,2,10,Cloudy
2022,11,Nagpur,20,49,16,8,Cloudy
2022,11,Nanded,34,55,16,10,Cloudy
2022,11,Nandurbar,20,52,18,11,Cloudy
2022,11,Nashik,29,59,8,11,Cloudy
2022,11,Osmanabad,20,44,12,10,Cloudy
2022,11,Palghar,21,58,9,5,Cloudy
2022,11,Parbhani,33,66,3,8,Cloudy
2022,11,Pune,30,69,20,7,Cloudy
2022,11,Raigad,21,72,4,11,Cloudy
2022,11,Ratnagiri,20,63,7,7,Cloudy
2022,11,Sangli,21,72,11,11,Cloudy
2022,11,Satara,33,80,9,8,Cloudy
2022,11,Sindhudurg,31,56,8,10,Cloudy
2022,11,Solapur,38,41,17,10,Cloudy
2022,11,Thane,25,87,6,2,Cloudy
2022,11,Wardha,24,91,20,12,Cloudy
2022,11,Washim,26,85,14,8,Cloudy
2022,11,Yavatmal,34,93,7,11,Cloudy
2022,12,Ahmednagar,29,53,4,2,Cloudy
2022,12,Akola,32,55,4,4,Cloudy
2022,12,Amravati,33,66,17,12,Cloudy
2022,12,Aurangabad,35,44,11,6,Cloudy
2022,12,Beed,36,46,6,9,Cloudy
2022,12,Bhandara,23,40,16,10,Cloudy
2022,12,Buldhana,21,49,20,9,Cloudy
2022,12,Chandrapur,26,45,7,9,Cloudy
2022,12,Dhule,36,73,14,4,Cloudy
2022,12,Gadchiroli,35,47,19,6,Cloudy
2022,12,Gondia,24,58,0,7,Cloudy
2022,12,Hingoli,24,54,4,12,Cloudy
2022,12,Jalgaon,26,95,2,5,Cloudy
2022,12,Jalna,35,85,7,6,Cloudy
2022,12,Kolhapur,20,51,0,3,Cloudy
2022,12,Latur,31,55,15,4,Cloudy
2022,12,Mumbai City,28,43,0,10,Cloudy
2022,12,Mumbai Suburban,33,54,6,8,Cloudy
2022,12,Nagpur,26,86,2,6,Cloudy
2022,12,Nanded,24,56,20,12,Cloudy
2022,12,Nandurbar,29,70,9,8,Cloudy
2022,12,Nashik,36,81,13,7,Cloudy
2022,12,Osmanabad,37,75,1,7,Cloudy
2022,12,Palghar,38,53,4,7,Cloudy
2022,12,Parbhani,33,42,11,10,Cloudy
2022,12,Pune,34,69,16,8,Cloudy
2022,12,Raigad,24,87,3,7,Cloudy
2022,12,Ratnagiri,30,92,5,2,Cloudy
2022,12,Sangli,31,84,14,6,Cloudy
2022,12,Satara,29,63,9,2,Cloudy
2022,12,Sindhudurg,22,62,18,5,Cloudy
2022,12,Solapur,28,45,6,3,Cloudy
2022,12,Thane,29,65,3,8,Cloudy
2022,12,Wardha,32,89,6,3,Cloudy
2022,12,Washim,30,71,1,2,Cloudy
2022,12,Yavatmal,38,48,13,5,Cloudy
2023,1,Ahmednagar,29,74,11,6,Cloudy
2023,1,Akola,23,56,15,8,Cloudy
2023,1,Amravati,29,60,1,9,Cloudy
2023,1,Aurangabad,32,60,10,9,Cloudy
2023,1,Beed,24,52,16,11,Cloudy
2023,1,Bhandara,37,45,18,4,Cloudy
2023,1,Buldhana,36,92,7,12,Cloudy
2023,1,Chandrapur,23,90,13,11,Cloudy
2023,1,Dhule,36,60,14,9,Cloudy
2023,1,Gadchiroli,28,56,4,3,Cloudy
2023,1,Gondia,34,72,9,7,Cloudy
2023,1,Hingoli,32,63,1,10,Cloudy
2023,1,Jalgaon,38,61,11,10,Cloudy
2023,1,Jalna,31,72,18,4,Cloudy
2023,1,Kolhapur,30,78,8,4,Cloudy
2023,1,Latur,30,55,16,6,Cloudy
2023,1,Mumbai City,37,69,8,7,Cloudy
2023,1,Mumbai Suburban,34,79,19,9,Cloudy
2023,1,Nagpur,38,67,5,7,Cloudy
2023,1,Nanded,25,43,7,12,Cloudy
2023,1,Nandurbar,24,66,5,6,Cloudy
2023,1,Nashik,24,61,7,4,Cloudy
2023,1,Osmanabad,38,71,20,11,Cloudy
2023,1,Palghar,36,42,20,11,Cloudy
2023,1,Parbhani,23,71,14,3,Cloudy
2023,1,Pune,30,46,13,10,Cloudy
2023,1,Raigad,36,63,1,4,Cloudy
2023,1,Ratnagiri,27,81,19,5,Cloudy
2023,1,Sangli,28,70,6,11,Cloudy
2023,1,Satara,35,72,14,10,Cloudy
2023,1,Sindhudurg,37,83,5,11,Cloudy
2023,1,Solapur,26,41,3,5,Cloudy
2023,1,Thane,29,85,9,9,Cloudy
2023,1,Wardha,26,91,18,9,Cloudy
2023,1,Washim,28,73,0,2,Cloudy
2023,1,Yavatmal,30,94,4,9,Cloudy
2023,2,Ahmednagar,33,79,6,8,Cloudy
2023,2,Akola,26,61,20,3,Cloudy
2023,2,Amravati,36,95,10,9,Cloudy
2023,2,Aurangabad,34,42,11,3,Cloudy
2023,2,Beed,26,41,0,7,Cloudy
2023,2,Bhandara,38,48,19,11,Cloudy
2023,2,Buldhana,27,71,19,8,Cloudy
2023,2,Chandrapur,25,57,13,6,Cloudy
2023,2,Dhule,31,76,8,8,Cloudy
2023,2,Gadchiroli,35,61,13,8,Cloudy
2023,2,Gondia,36,52,6,8,Cloudy
2023,2,Hingoli,21,74,1,7,Cloudy
2023,2,Jalgaon,26,73,20,12,Cloudy
2023,2,Jalna,35,67,19,12,Cloudy
2023,2,Kolhapur,30,41,10,2,Cloudy
2023,2,Latur,34,86,9,3,Cloudy
2023,2,Mumbai City,23,70,20,2,Cloudy
2023,2,Mumbai Suburban,31,86,0,3,Cloudy
2023,2,Nagpur,32,42,8,6,Cloudy
2023,2,Nanded,33,67,18,8,Cloudy
2023,2,Nandurbar,26,45,0,7,Cloudy
2023,2,Nashik,25,41,7,5,Cloudy
2023,2,Osmanabad,25,51,15,6,Cloudy
2023,2,Palghar,32,49,1,3,Cloudy
2023,2,Parbhani,27,75,18,6,Cloudy
2023,2,Pune,29,53,9,6,Cloudy
2023,2,Raigad,33,69,3,3,Cloudy
2023,2,Ratnagiri,36,95,17,4,Cloudy
2023,2,Sangli,21,41,0,11,Cloudy
2023,2,Satara,36,88,14,11,Cloudy
2023,2,Sindhudurg,20,66,10,2,Cloudy
2023,2,Solapur,27,73,6,8,Cloudy
2023,2,Thane,32,66,4,2,Cloudy
2023,2,Wardha,38,63,3,5,Cloudy
2023,2,Washim,36,70,7,6,Cloudy
2023,2,Yavatmal,20,41,2,9,Cloudy
2023,3,Ahmednagar,31,59,3,3,Hot
2023,3,Akola,29,78,6,3,Hot
2023,3,Amravati,38,68,9,3,Hot
2023,3,Aurangabad,36,54,6,8,Hot
2023,3,Beed,20,55,3,8,Hot
2023,3,Bhandara,32,41,7,7,Hot
2023,3,Buldhana,34,45,10,12,Hot
2023,3,Chandrapur,33,74,5,2,Hot
2023,3,Dhule,29,44,3,12,Hot
2023,3,Gadchiroli,25,44,3,8,Hot
2023,3,Gondia,27,65,7,3,Hot
2023,3,Hingoli,35,56,2,11,Hot
2023,3,Jalgaon,27,40,6,11,Hot
2023,3,Jalna,38,46,10,2,Hot
2023,3,Kolhapur,26,93,0,10,Hot
2023,3,Latur,28,47,1,9,Hot
2023,3,Mumbai City,31,63,7,6,Hot
2023,3,Mumbai Suburban,33,88,7,5,Hot
2023,3,Nagpur,38,59,9,10,Hot
2023,3,Nanded,36,78,1,5,Hot
2023,3,Nandurbar,24,78,6,6,Hot
2023,3,Nashik,36,82,10,7,Hot
2023,3,Osmanabad,38,89,4,6,Hot
2023,3,Palghar,24,50,4,11,Hot
2023,3,Parbhani,29,81,3,8,Hot
2023,3,Pune,21,50,6,9,Hot
2023,3,Raigad,38,52,4,10,Hot
2023,3,Ratnagiri,31,50,9,3,Hot
2023,3,Sangli,38,81,7,2,Hot
2023,3,Satara,37,92,7,12,Hot
2023,3,Sindhudurg,38,70,4,10,Hot
2023,3,Solapur,29,61,0,7,Hot
2023,3,Thane,28,84,0,11,Hot
2023,3,Wardha,27,45,9,8,Hot
2023,3,Washim,33,66,6,8,Hot
2023,3,Yavatmal,34,72,10,8,Hot
2023,4,Ahmednagar,22,77,2,12,Hot
2023,4,Akola,38,68,8,6,Hot
2023,4,Amravati,27,57,7,6,Hot
2023,4,Aurangabad,37,57,6,3,Hot
2023,4,Beed,20,88,1,4,Hot
2023,4,Bhandara,32,88,8,3,Hot
2023,4,Buldhana,31,82,10,3,Hot
2023,4,Chandrapur,36,68,5,12,Hot
2023,4,Dhule,23,76,2,12,Hot
2023,4,Gadchiroli,27,55,4,7,Hot
2023,4,Gondia,30,90,2,9,Hot
2023,4,Hingoli,29,42,0,12,Hot
2023,4,Jalgaon,26,71,8,4,Hot
2023,4,Jalna,28,43,5,6,Hot
2023,4,Kolhapur,30,87,4,8,Hot
2023,4,Latur,37,67,6,10,Hot
2023,4,Mumbai City,24,77,5,10,Hot
2023,4,Mumbai Suburban,30,72,1,8,Hot
2023,4,Nagpur,38,76,9,2,Hot
2023,4,Nanded,27,59,9,11,Hot
2023,4,Nandurbar,32,78,6,8,Hot
2023,4,Nashik,27,82,0,6,Hot
2023,4,Osmanabad,22,48,5,6,Hot
2023,4,Palghar,20,61,9,3,Hot
2023,4,Parbhani,27,52,4,10,Hot
2023,4,Pune,23,55,4,2,Hot
2023,4,Raigad,25,89,7,6,Hot
2023,4,Ratnagiri,23,75,7,2,Hot
2023,4,Sangli,21,46,5,7,Hot
2023,4,Satara,36,84,3,2,Hot
2023,4,Sindhudurg,37,58,7,4,Hot
2023,4,Solapur,34,46,8,8,Hot
2023,4,Thane,32,46,8,10,Hot
2023,4,Wardha,28,82,3,4,Hot
2023,4,Washim,24,56,4,8,Hot
2023,4,Yavatmal,23,53,9,10,Hot
2023,5,Ahmednagar,37,43,9,4,Hot
2023,5,Akola,26,84,5,7,Hot
2023,5,Amravati,30,41,2,6,Hot
2023,5,Aurangabad,20,69,6,7,Hot
2023,5,Beed,30,64,9,3,Hot
2023,5,Bhandara,30,78,3,8,Hot
2023,5,Buldhana,20,83,8,3,Hot
2023,5,Chandrapur,27,67,2,5,Hot
2023,5,Dhule,31,71,7,6,Hot
2023,5,Gadchiroli,31,95,6,5,Hot
2023,5,Gondia,20,66,9,5,Hot
2023,5,Hingoli,23,90,7,10,Hot
2023,5,Jalgaon,22,51,3,3,Hot
2023,5,Jalna,32,51,10,8,Hot
2023,5,Kolhapur,35,88,9,10,Hot
2023,5,Latur,38,81,4,9,Hot
2023,5,Mumbai City,36,84,3,12,Hot
2023,5,Mumbai Suburban,22,41,6,2,Hot
2023,5,Nagpur,36,64,2,2,Hot
2023,5,Nanded,30,89,2,11,Hot
2023,5,Nandurbar,20,66,9,12,Hot
2023,5,Nashik,34,41,2,11,Hot
2023,5,Osmanabad,21,54,6,9,Hot
2023,5,Palghar,33,67,8,4,Hot
2023,5,Parbhani,36,76,0,11,Hot
2023,5,Pune,24,72,9,4,Hot
2023,5,Raigad,35,70,6,8,Hot
2023,5,Ratnagiri,34,87,3,3,Hot
2023,5,Sangli,24,87,8,6,Hot
2023,5,Satara,37,80,2,9,Hot
2023,5,Sindhudurg,23,79,10,11,Hot
2023,5,Solapur,23,43,4,5,Hot
2023,5,Thane,20,40,3,4,Hot
2023,5,Wardha,30,73,0,11,Hot
2023,5,Washim,37,57,10,9,Hot
2023,5,Yavatmal,21,90,10,8,Hot
2023,6,Ahmednagar,32,94,195,4,Rain
2023,6,Akola,26,52,226,12,Rain
2023,6,Amravati,21,62,117,6,Rain
2023,6,Aurangabad,33,48,325,4,Rain
2023,6,Beed,22,54,166,11,Rain
2023,6,Bhandara,38,53,239,10,Rain
2023,6,Buldhana,31,85,339,7,Rain
2023,6,Chandrapur,20,54,225,9,Rain
2023,6,Dhule,28,91,217,9,Rain
2023,6,Gadchiroli,24,88,344,2,Rain
2023,6,Gondia,20,46,216,12,Rain
2023,6,Hingoli,35,69,193,8,Rain
2023,6,Jalgaon,33,44,171,3,Rain
2023,6,Jalna,22,58,308,4,Rain
2023,6,Kolhapur,23,95,255,9,Rain
2023,6,Latur,34,85,210,12,Rain
2023,6,Mumbai City,25,74,200,10,Rain
2023,6,Mumbai Suburban,26,83,323,11,Rain
2023,6,Nagpur,20,82,108,12,Rain
2023,6,Nanded,27,55,376,6,Rain
2023,6,Nandurbar,29,80,293,5,Rain
2023,6,Nashik,34,61,340,7,Rain
2023,6,Osmanabad,21,43,314,6,Rain
2023,6,Palghar,21,84,131,8,Rain
2023,6,Parbhani,33,69,322,7,Rain
2023,6,Pune,30,78,164,12,Rain
2023,6,Raigad,27,59,197,5,Rain
2023,6,Ratnagiri,28,92,169,8,Rain
2023,6,Sangli,31,70,252,8,Rain
2023,6,Satara,37,89,249,11,Rain
2023,6,Sindhudurg,36,64,391,7,Rain
2023,6,Solapur,21,56,370,3,Rain
2023,6,Thane,24,92,211,3,Rain
2023,6,Wardha,32,48,311,7,Rain
2023,6,Washim,24,63,138,10,Rain
2023,6,Yavatmal,20,72,156,4,Rain
2023,7,Ahmednagar,26,91,280,6,Rain
2023,7,Akola,24,48,226,12,Rain
2023,7,Amravati,22,47,107,8,Rain
2023,7,Aurangabad,37,83,377,3,Rain
2023,7,Beed,36,54,366,3,Rain
2023,7,Bhandara,33,69,253,8,Rain
2023,7,Buldhana,34,56,380,12,Rain
2023,7,Chandrapur,21,57,310,6,Rain
2023,7,Dhule,35,47,265,4,Rain
2023,7,Gadchiroli,29,41,105,12,Rain
2023,7,Gondia,27,51,196,3,Rain
2023,7,Hingoli,26,46,308,8,Rain
2023,7,Jalgaon,30,58,282,6,Rain
2023,7,Jalna,24,70,392,12,Rain
2023,7,Kolhapur,38,63,382,7,Rain
2023,7,Latur,25,90,267,8,Rain
2023,7,Mumbai City,28,46,368,12,Rain
2023,7,Mumbai Suburban,28,58,295,11,Rain
2023,7,Nagpur,28,49,245,6,Rain
2023,7,Nanded,24,66,269,3,Rain
2023,7,Nandurbar,21,83,147,3,Rain
2023,7,Nashik,22,50,175,4,Rain
2023,7,Osmanabad,30,65,209,2,Rain
2023,7,Palghar,31,73,106,3,Rain
2023,7,Parbhani,27,73,160,9,Rain
2023,7,Pune,26,56,322,4,Rain
2023,7,Raigad,36,48,260,11,Rain
2023,7,Ratnagiri,34,89,364,10,Rain
2023,7,Sangli,30,61,244,7,Rain
2023,7,Satara,32,71,369,3,Rain
2023,7,Sindhudurg,20,80,157,8,Rain
2023,7,Solapur,30,59,114,7,Rain
2023,7,Thane,21,65,367,11,Rain
2023,7,Wardha,29,79,302,11,Rain
2023,7,Washim,21,45,254,5,Rain
2023,7,Yavatmal,33,82,363,12,Rain
2023,8,Ahmednagar,37,79,376,12,Rain
2023,8,Akola,21,90,316,12,Rain
2023,8,Amravati,34,75,170,10,Rain
2023,8,Aurangabad,21,62,386,3,Rain
2023,8,Beed,37,43,274,2,Rain
2023,8,Bhandara,29,56,205,7,Rain
2023,8,Buldhana,21,90,278,8,Rain
2023,8,Chandrapur,29,85,157,9,Rain
2023,8,Dhule,37,88,160,6,Rain
2023,8,Gadchiroli,33,59,338,5,Rain
2023,8,Gondia,26,79,117,11,Rain
2023,8,Hingoli,20,62,221,12,Rain
2023,8,Jalgaon,27,78,322,8,Rain
2023,8,Jalna,22,81,225,9,Rain
2023,8,Kolhapur,36,81,137,7,Rain
2023,8,Latur,34,40,104,3,Rain
2023,8,Mumbai City,30,64,201,2,Rain
2023,8,Mumbai Suburban,33,41,394,8,Rain
2023,8,Nagpur,22,91,160,9,Rain
2023,8,Nanded,24,91,365,8,Rain
2023,8,Nandurbar,36,40,204,4,Rain
2023,8,Nashik,21,55,119,6,Rain
2023,8,Osmanabad,35,80,272,3,Rain
2023,8,Palghar,25,75,105,10,Rain
2023,8,Parbhani,28,68,100,6,Rain
2023,8,Pune,23,94,146,11,Rain
2023,8,Raigad,22,82,344,10,Rain
2023,8,Ratnagiri,27,84,305,2,Rain
2023,8,Sangli,32,48,162,10,Rain
2023,8,Satara,21,70,141,12,Rain
2023,8,Sindhudurg,26,61,301,10,Rain
2023,8,Solapur,37,77,237,11,Rain
2023,8,Thane,24,77,175,9,Rain
2023,8,Wardha,36,74,350,5,Rain
2023,8,Washim,37,84,109,3,Rain
2023,8,Yavatmal,21,63,179,10,Rain
2023,9,Ahmednagar,24,56,286,9,Rain
2023,9,Akola,26,82,306,6,Rain
2023,9,Amravati,36,82,243,4,Rain
2023,9,Aurangabad,34,75,264,4,Rain
2023,9,Beed,23,78,285,7,Rain
2023,9,Bhandara,25,80,262,9,Rain
2023,9,Buldhana,22,47,286,8,Rain
2023,9,Chandrapur,26,41,202,9,Rain
2023,9,Dhule,26,72,205,9,Rain
2023,9,Gadchiroli,27,51,250,2,Rain
2023,9,Gondia,27,76,155,9,Rain
2023,9,Hingoli,38,89,386,8,Rain
2023,9,Jalgaon,37,48,131,9,Rain
2023,9,Jalna,32,62,118,10,Rain
2023,9,Kolhapur,23,88,158,12,Rain
2023,9,Latur,33,78,140,7,Rain
2023,9,Mumbai City,33,47,232,11,Rain
2023,9,Mumbai Suburban,33,72,376,8,Rain
2023,9,Nagpur,38,82,271,7,Rain
2023,9,Nanded,22,90,335,7,Rain
2023,9,Nandurbar,33,92,172,10,Rain
2023,9,Nashik,28,95,252,12,Rain
2023,9,Osmanabad,23,71,122,10,Rain
2023,9,Palghar,23,91,143,7,Rain
2023,9,Parbhani,21,92,272,3,Rain
2023,9,Pune,27,68,396,6,Rain
2023,9,Raigad,32,56,366,12,Rain
2023,9,Ratnagiri,22,61,359,8,Rain
2023,9,Sangli,28,48,379,5,Rain
2023,9,Satara,28,61,341,5,Rain
2023,9,Sindhudurg,21,77,282,7,Rain
2023,9,Solapur,32,48,126,2,Rain
2023,9,Thane,32,58,327,5,Rain
2023,9,Wardha,36,95,247,7,Rain
2023,9,Washim,35,91,240,3,Rain
2023,9,Yavatmal,24,66,246,7,Rain
2023,10,Ahmednagar,32,51,6,11,Cloudy
2023,10,Akola,38,62,2,2,Cloudy
2023,10,Amravati,29,85,11,3,Cloudy
2023,10,Aurangabad,38,70,10,4,Cloudy
2023,10,Beed,38,52,6,7,Cloudy
2023,10,Bhandara,23,80,5,8,Cloudy
2023,10,Buldhana,36,95,19,7,Cloudy
2023,10,Chandrapur,26,82,4,7,Cloudy
2023,10,Dhule,33,46,18,5,Cloudy
2023,10,Gadchiroli,24,92,1,11,Cloudy
2023,10,Gondia,27,54,1,9,Cloudy
2023,10,Hingoli,27,60,6,7,Cloudy
2023,10,Jalgaon,20,74,10,5,Cloudy
2023,10,Jalna,31,51,9,12,Cloudy
2023,10,Kolhapur,20,52,5,3,Cloudy
2023,10,Latur,22,40,11,2,Cloudy
2023,10,Mumbai City,34,64,9,4,Cloudy
2023,10,Mumbai Suburban,30,87,20,6,Cloudy
2023,10,Nagpur,29,87,12,5,Cloudy
2023,10,Nanded,22,88,2,7,Cloudy
2023,10,Nandurbar,24,61,11,8,Cloudy
2023,10,Nashik,30,82,19,11,Cloudy
2023,10,Osmanabad,21,65,19,6,Cloudy
2023,10,Palghar,29,83,6,8,Cloudy
2023,10,Parbhani,24,78,6,12,Cloudy
2023,10,Pune,31,46,20,7,Cloudy
2023,10,Raigad,24,50,15,7,Cloudy
2023,10,Ratnagiri,23,74,1,3,Cloudy
2023,10,Sangli,28,90,12,10,Cloudy
2023,10,Satara,28,70,15,9,Cloudy
2023,10,Sindhudurg,28,51,16,7,Cloudy
2023,10,Solapur,33,92,7,7,Cloudy
2023,10,Thane,32,74,9,7,Cloudy
2023,10,Wardha,27,66,16,6,Cloudy
2023,10,Washim,25,80,5,11,Cloudy
2023,10,Yavatmal,23,49,17,9,Cloudy
2023,11,Ahmednagar,28,52,16,3,Cloudy
2023,11,Akola,21,77,13,3,Cloudy
2023,11,Amravati,27,69,0,6,Cloudy
2023,11,Aurangabad,38,43,6,3,Cloudy
2023,11,Beed,20,64,16,7,Cloudy
2023,11,Bhandara,36,72,13,11,Cloudy
2023,11,Buldhana,28,51,2,3,Cloudy
2023,11,Chandrapur,26,72,3,7,Cloudy
2023,11,Dhule,27,66,11,5,Cloudy
2023,11,Gadchiroli,22,82,2,2,Cloudy
2023,11,Gondia,37,93,4,6,Cloudy
2023,11,Hingoli,38,45,16,12,Cloudy
2023,11,Jalgaon,24,61,15,2,Cloudy
2023,11,Jalna,36,91,11,11,Cloudy
2023,11,Kolhapur,37,72,16,7,Cloudy
2023,11,Latur,24,72,6,7,Cloudy
2023,11,Mumbai City,21,91,1,12,Cloudy
2023,11,Mumbai Suburban,25,82,6,9,Cloudy
2023,11,Nagpur,35,67,5,12,Cloudy
2023,11,Nanded,25,40,0,12,Cloudy
2023,11,Nandurbar,25,47,10,12,Cloudy
2023,11,Nashik,21,66,13,12,Cloudy
2023,11,Osmanabad,22,79,20,6,Cloudy
2023,11,Palghar,27,69,11,4,Cloudy
2023,11,Parbhani,23,48,8,3,Cloudy
2023,11,Pune,30,58,9,7,Cloudy
2023,11,Raigad,25,58,6,8,Cloudy
2023,11,Ratnagiri,20,82,11,2,Cloudy
2023,11,Sangli,29,45,7,8,Cloudy
2023,11,Satara,27,61,13,5,Cloudy
2023,11,Sindhudurg,22,49,18,5,Cloudy
2023,11,Solapur,32,92,15,12,Cloudy
2023,11,Thane,22,89,8,11,Cloudy
2023,11,Wardha,20,73,4,7,Cloudy
2023,11,Washim,29,46,17,6,Cloudy
2023,11,Yavatmal,22,61,14,3,Cloudy
2023,12,Ahmednagar,34,46,0,4,Cloudy
2023,12,Akola,37,87,10,3,Cloudy
2023,12,Amravati,36,72,3,10,Cloudy
2023,12,Aurangabad,29,53,17,8,Cloudy
2023,12,Beed,27,86,4,11,Cloudy
2023,12,Bhandara,21,44,8,9,Cloudy
2023,12,Buldhana,27,48,4,6,Cloudy
2023,12,Chandrapur,37,53,9,12,Cloudy
2023,12,Dhule,21,42,19,11,Cloudy
2023,12,Gadchiroli,21,67,10,12,Cloudy
2023,12,Gondia,24,50,15,2,Cloudy
2023,12,Hingoli,26,79,15,9,Cloudy
2023,12,Jalgaon,33,83,10,2,Cloudy
2023,12,Jalna,35,88,6,5,Cloudy
2023,12,Kolhapur,20,74,16,6,Cloudy
2023,12,Latur,30,69,20,7,Cloudy
2023,12,Mumbai City,36,60,9,5,Cloudy
2023,12,Mumbai Suburban,31,55,12,5,Cloudy
2023,12,Nagpur,28,40,11,8,Cloudy
2023,12,Nanded,22,79,13,7,Cloudy
2023,12,Nandurbar,28,67,4,10,Cloudy
2023,12,Nashik,31,61,11,2,Cloudy
2023,12,Osmanabad,33,85,20,3,Cloudy
2023,12,Palghar,24,48,3,6,Cloudy
2023,12,Parbhani,27,74,2,2,Cloudy
2023,12,Pune,37,59,18,3,Cloudy
2023,12,Raigad,33,83,4,8,Cloudy
2023,12,Ratnagiri,34,66,13,11,Cloudy
2023,12,Sangli,22,43,20,3,Cloudy
2023,12,Satara,34,71,5,8,Cloudy
2023,12,Sindhudurg,20,84,16,11,Cloudy
2023,12,Solapur,35,90,17,3,Cloudy
2023,12,Thane,24,67,5,9,Cloudy
2023,12,Wardha,26,74,13,7,Cloudy
2023,12,Washim,28,73,5,2,Cloudy
2023,12,Yavatmal,20,65,14,2,Cloudy
2024,1,Ahmednagar,28,80,16,12,Cloudy
2024,1,Akola,26,43,12,9,Cloudy
2024,1,Amravati,37,51,8,10,Cloudy
2024,1,Aurangabad,38,50,15,6,Cloudy
2024,1,Beed,22,79,8,2,Cloudy
2024,1,Bhandara,26,68,9,7,Cloudy
2024,1,Buldhana,29,44,3,4,Cloudy
2024,1,Chandrapur,35,91,4,9,Cloudy
2024,1,Dhule,23,90,9,11,Cloudy
2024,1,Gadchiroli,36,75,10,12,Cloudy
2024,1,Gondia,30,64,12,12,Cloudy
2024,1,Hingoli,20,93,0,4,Cloudy
2024,1,Jalgaon,21,46,20,8,Cloudy
2024,1,Jalna,23,52,11,5,Cloudy
2024,1,Kolhapur,32,60,11,6,Cloudy
2024,1,Latur,34,43,20,12,Cloudy
2024,1,Mumbai City,26,84,15,12,Cloudy
2024,1,Mumbai Suburban,29,60,20,10,Cloudy
2024,1,Nagpur,34,77,7,10,Cloudy
2024,1,Nanded,38,72,18,4,Cloudy
2024,1,Nandurbar,22,92,7,6,Cloudy
2024,1,Nashik,28,79,4,2,Cloudy
2024,1,Osmanabad,37,45,12,12,Cloudy
2024,1,Palghar,32,85,14,5,Cloudy
2024,1,Parbhani,20,51,14,7,Cloudy
2024,1,Pune,36,73,2,10,Cloudy
2024,1,Raigad,24,70,1,6,Cloudy
2024,1,Ratnagiri,23,52,13,2,Cloudy
2024,1,Sangli,24,87,16,10,Cloudy
2024,1,Satara,24,66,3,9,Cloudy
2024,1,Sindhudurg,25,44,1,9,Cloudy
2024,1,Solapur,29,59,17,2,Cloudy
2024,1,Thane,20,60,12,9,Cloudy
2024,1,Wardha,36,69,5,7,Cloudy
2024,1,Washim,22,87,1,3,Cloudy
2024,1,Yavatmal,27,58,16,9,Cloudy
2024,2,Ahmednagar,38,66,19,8,Cloudy
2024,2,Akola,33,86,8,3,Cloudy
2024,2,Amravati,26,90,15,11,Cloudy
2024,2,Aurangabad,34,43,11,3,Cloudy
2024,2,Beed,28,52,18,12,Cloudy
2024,2,Bhandara,21,67,20,6,Cloudy
2024,2,Buldhana,28,55,20,12,Cloudy
2024,2,Chandrapur,38,54,9,3,Cloudy
2024,2,Dhule,23,63,11,5,Cloudy
2024,2,Gadchiroli,38,85,10,5,Cloudy
2024,2,Gondia,27,56,12,5,Cloudy
2024,2,Hingoli,38,51,3,7,Cloudy
2024,2,Jalgaon,23,66,18,9,Cloudy
2024,2,Jalna,28,50,6,10,Cloudy
2024,2,Kolhapur,34,50,12,4,Cloudy
2024,2,Latur,36,59,9,9,Cloudy
2024,2,Mumbai City,31,78,5,12,Cloudy
2024,2,Mumbai Suburban,21,50,7,4,Cloudy
2024,2,Nagpur,29,70,20,10,Cloudy
2024,2,Nanded,31,91,8,3,Cloudy
2024,2,Nandurbar,24,85,11,8,Cloudy
2024,2,Nashik,38,75,0,3,Cloudy
2024,2,Osmanabad,26,94,20,4,Cloudy
2024,2,Palghar,36,93,3,11,Cloudy
2024,2,Parbhani,23,47,3,11,Cloudy
2024,2,Pune,26,63,0,6,Cloudy
2024,2,Raigad,20,94,15,3,Cloudy
2024,2,Ratnagiri,23,75,20,5,Cloudy
2024,2,Sangli,29,54,6,2,Cloudy
2024,2,Satara,33,51,5,9,Cloudy
2024,2,Sindhudurg,29,89,5,12,Cloudy
2024,2,Solapur,32,95,18,4,Cloudy
2024,2,Thane,27,48,12,8,Cloudy
2024,2,Wardha,26,55,18,10,Cloudy
2024,2,Washim,31,80,9,6,Cloudy
2024,2,Yavatmal,32,68,13,10,Cloudy
2024,3,Ahmednagar,22,88,10,10,Hot
2024,3,Akola,38,79,8,11,Hot
2024,3,Amravati,32,65,9,4,Hot
2024,3,Aurangabad,27,68,6,11,Hot
2024,3,Beed,32,67,10,2,Hot
2024,3,Bhandara,27,57,8,6,Hot
2024,3,Buldhana,29,64,2,4,Hot
2024,3,Chandrapur,21,64,6,5,Hot
2024,3,Dhule,34,81,5,2,Hot
2024,3,Gadchiroli,36,95,2,6,Hot
2024,3,Gondia,34,76,4,3,Hot
2024,3,Hingoli,37,60,6,7,Hot
2024,3,Jalgaon,23,74,2,9,Hot
2024,3,Jalna,32,56,10,3,Hot
2024,3,Kolhapur,34,93,9,9,Hot
2024,3,Latur,27,77,0,4,Hot
2024,3,Mumbai City,22,52,8,12,Hot
2024,3,Mumbai Suburban,24,60,1,5,Hot
2024,3,Nagpur,20,61,10,3,Hot
2024,3,Nanded,26,72,7,3,Hot
2024,3,Nandurbar,29,42,8,7,Hot
2024,3,Nashik,24,84,9,11,Hot
2024,3,Osmanabad,25,46,9,7,Hot
2024,3,Palghar,29,50,8,8,Hot
2024,3,Parbhani,28,64,9,3,Hot
2024,3,Pune,29,89,8,6,Hot
2024,3,Raigad,31,54,1,2,Hot
2024,3,Ratnagiri,26,45,8,11,Hot
2024,3,Sangli,20,47,3,11,Hot
2024,3,Satara,32,88,5,5,Hot
2024,3,Sindhudurg,25,67,8,7,Hot
2024,3,Solapur,23,45,1,12,Hot
2024,3,Thane,22,42,3,11,Hot
2024,3,Wardha,25,88,0,5,Hot
2024,3,Washim,28,63,6,8,Hot
2024,3,Yavatmal,32,76,8,3,Hot
2024,4,Ahmednagar,26,53,7,10,Hot
2024,4,Akola,32,74,8,4,Hot
2024,4,Amravati,31,95,8,11,Hot
2024,4,Aurangabad,35,95,9,7,Hot
2024,4,Beed,24,94,8,12,Hot
2024,4,Bhandara,28,55,0,7,Hot
2024,4,Buldhana,26,72,9,6,Hot
2024,4,Chandrapur,37,91,8,2,Hot
2024,4,Dhule,38,94,8,8,Hot
2024,4,Gadchiroli,37,60,3,10,Hot
2024,4,Gondia,36,53,7,6,Hot
2024,4,Hingoli,34,48,1,11,Hot
2024,4,Jalgaon,31,45,6,11,Hot
2024,4,Jalna,38,52,6,5,Hot
2024,4,Kolhapur,25,60,3,2,Hot
2024,4,Latur,36,82,4,8,Hot
2024,4,Mumbai City,35,40,8,6,Hot
2024,4,Mumbai Suburban,20,84,1,12,Hot
2024,4,Nagpur,31,77,9,10,Hot
2024,4,Nanded,23,76,7,12,Hot
2024,4,Nandurbar,36,87,6,9,Hot
2024,4,Nashik,23,48,1,5,Hot
2024,4,Osmanabad,24,72,10,8,Hot
2024,4,Palghar,35,86,9,9,Hot
2024,4,Parbhani,20,68,1,11,Hot
2024,4,Pune,38,73,2,10,Hot
2024,4,Raigad,30,56,0,10,Hot
2024,4,Ratnagiri,30,54,3,11,Hot
2024,4,Sangli,33,79,4,12,Hot
2024,4,Satara,37,61,8,3,Hot
2024,4,Sindhudurg,25,51,1,7,Hot
2024,4,Solapur,24,69,0,3,Hot
2024,4,Thane,36,44,9,11,Hot
2024,4,Wardha,28,83,8,11,Hot
2024,4,Washim,25,83,5,12,Hot
2024,4,Yavatmal,36,48,0,4,Hot
2024,5,Ahmednagar,38,45,5,9,Hot
2024,5,Akola,27,70,1,8,Hot
2024,5,Amravati,28,81,10,9,Hot
2024,5,Aurangabad,22,65,5,9,Hot
2024,5,Beed,25,51,1,9,Hot
2024,5,Bhandara,24,59,9,4,Hot
2024,5,Buldhana,36,42,0,3,Hot
2024,5,Chandrapur,23,47,2,10,Hot
2024,5,Dhule,31,72,2,2,Hot
2024,5,Gadchiroli,27,80,3,11,Hot
2024,5,Gondia,37,43,4,8,Hot
2024,5,Hingoli,36,76,9,8,Hot
2024,5,Jalgaon,26,69,5,7,Hot
2024,5,Jalna,27,42,4,3,Hot
2024,5,Kolhapur,21,58,0,10,Hot
2024,5,Latur,27,52,9,6,Hot
2024,5,Mumbai City,26,60,2,2,Hot
2024,5,Mumbai Suburban,24,67,6,5,Hot
2024,5,Nagpur,20,66,6,9,Hot
2024,5,Nanded,32,47,9,8,Hot
2024,5,Nandurbar,22,44,10,9,Hot
2024,5,Nashik,23,92,0,12,Hot
2024,5,Osmanabad,25,43,5,12,Hot
2024,5,Palghar,35,80,3,5,Hot
2024,5,Parbhani,24,81,10,9,Hot
2024,5,Pune,23,64,6,10,Hot
2024,5,Raigad,34,67,3,11,Hot
2024,5,Ratnagiri,35,86,10,4,Hot
2024,5,Sangli,34,74,2,3,Hot
2024,5,Satara,22,62,1,8,Hot
2024,5,Sindhudurg,21,50,4,11,Hot
2024,5,Solapur,23,49,2,6,Hot
2024,5,Thane,36,91,9,10,Hot
2024,5,Wardha,23,73,4,11,Hot
2024,5,Washim,38,81,7,11,Hot
2024,5,Yavatmal,35,46,9,8,Hot
2024,6,Ahmednagar,24,77,172,12,Rain
2024,6,Akola,30,49,169,11,Rain
2024,6,Amravati,22,76,268,7,Rain
2024,6,Aurangabad,27,89,193,10,Rain
2024,6,Beed,25,86,166,10,Rain
2024,6,Bhandara,38,53,345,3,Rain
2024,6,Buldhana,31,75,168,10,Rain
2024,6,Chandrapur,24,78,387,12,Rain
2024,6,Dhule,35,86,307,2,Rain
2024,6,Gadchiroli,38,88,126,11,Rain
2024,6,Gondia,34,80,317,11,Rain
2024,6,Hingoli,22,43,253,4,Rain
2024,6,Jalgaon,31,84,242,9,Rain
2024,6,Jalna,32,82,152,4,Rain
2024,6,Kolhapur,20,67,252,10,Rain
2024,6,Latur,32,79,275,8,Rain
2024,6,Mumbai City,30,94,132,11,Rain
2024,6,Mumbai Suburban,28,67,295,12,Rain
2024,6,Nagpur,24,82,383,10,Rain
2024,6,Nanded,27,91,269,11,Rain
2024,6,Nandurbar,30,69,106,6,Rain
2024,6,Nashik,24,70,291,5,Rain
2024,6,Osmanabad,30,75,264,9,Rain
2024,6,Palghar,31,93,219,11,Rain
2024,6,Parbhani,35,49,188,11,Rain
2024,6,Pune,35,64,121,2,Rain
2024,6,Raigad,32,74,388,12,Rain
2024,6,Ratnagiri,26,67,241,6,Rain
2024,6,Sangli,24,72,204,5,Rain
2024,6,Satara,21,58,197,5,Rain
2024,6,Sindhudurg,30,71,364,8,Rain
2024,6,Solapur,34,89,328,8,Rain
2024,6,Thane,28,54,130,8,Rain
2024,6,Wardha,22,55,182,3,Rain
2024,6,Washim,38,65,285,5,Rain
2024,6,Yavatmal,21,41,399,8,Rain
2024,7,Ahmednagar,20,51,163,12,Rain
2024,7,Akola,23,61,359,11,Rain
2024,7,Amravati,28,82,115,8,Rain
2024,7,Aurangabad,24,71,223,7,Rain
2024,7,Beed,35,42,111,12,Rain
2024,7,Bhandara,29,44,149,6,Rain
2024,7,Buldhana,32,90,242,5,Rain
2024,7,Chandrapur,22,91,129,10,Rain
2024,7,Dhule,28,59,138,6,Rain
2024,7,Gadchiroli,34,49,312,10,Rain
2024,7,Gondia,29,57,157,7,Rain
2024,7,Hingoli,34,64,400,11,Rain
2024,7,Jalgaon,29,92,257,9,Rain
2024,7,Jalna,22,87,310,10,Rain
2024,7,Kolhapur,37,56,111,10,Rain
2024,7,Latur,33,59,215,9,Rain
2024,7,Mumbai City,27,89,155,12,Rain
2024,7,Mumbai Suburban,30,95,143,2,Rain
2024,7,Nagpur,25,75,264,2,Rain
2024,7,Nanded,33,88,241,12,Rain
2024,7,Nandurbar,21,67,214,5,Rain
2024,7,Nashik,25,53,316,10,Rain
2024,7,Osmanabad,35,90,175,9,Rain
2024,7,Palghar,28,57,175,5,Rain
2024,7,Parbhani,28,46,310,2,Rain
2024,7,Pune,34,43,279,8,Rain
2024,7,Raigad,29,91,300,8,Rain
2024,7,Ratnagiri,33,67,211,11,Rain
2024,7,Sangli,23,64,135,7,Rain
2024,7,Satara,35,93,352,8,Rain
2024,7,Sindhudurg,34,69,250,5,Rain
2024,7,Solapur,34,53,372,9,Rain
2024,7,Thane,28,53,283,12,Rain
2024,7,Wardha,34,60,148,3,Rain
2024,7,Washim,25,50,370,10,Rain
2024,7,Yavatmal,34,54,254,8,Rain
2024,8,Ahmednagar,20,77,246,6,Rain
2024,8,Akola,29,87,170,6,Rain
2024,8,Amravati,30,81,345,3,Rain
2024,8,Aurangabad,20,87,316,12,Rain
2024,8,Beed,28,55,227,9,Rain
2024,8,Bhandara,28,62,288,6,Rain
2024,8,Buldhana,30,74,245,9,Rain
2024,8,Chandrapur,22,95,202,7,Rain
2024,8,Dhule,21,49,327,2,Rain
2024,8,Gadchiroli,20,79,264,5,Rain
2024,8,Gondia,23,50,355,6,Rain
2024,8,Hingoli,21,49,131,9,Rain
2024,8,Jalgaon,29,64,175,8,Rain
2024,8,Jalna,26,50,286,10,Rain
2024,8,Kolhapur,34,54,177,3,Rain
2024,8,Latur,20,58,110,7,Rain
2024,8,Mumbai City,27,77,190,5,Rain
2024,8,Mumbai Suburban,35,56,317,6,Rain
2024,8,Nagpur,28,83,285,7,Rain
2024,8,Nanded,34,49,299,3,Rain
2024,8,Nandurbar,23,53,235,11,Rain
2024,8,Nashik,32,56,366,5,Rain
2024,8,Osmanabad,28,74,241,5,Rain
2024,8,Palghar,22,60,181,4,Rain
2024,8,Parbhani,28,55,103,12,Rain
2024,8,Pune,27,91,169,9,Rain
2024,8,Raigad,27,94,154,10,Rain
2024,8,Ratnagiri,20,66,174,8,Rain
2024,8,Sangli,23,86,177,8,Rain
2024,8,Satara,23,66,192,9,Rain
2024,8,Sindhudurg,33,44,134,5,Rain
2024,8,Solapur,31,60,369,11,Rain
2024,8,Thane,28,65,166,5,Rain
2024,8,Wardha,29,86,150,6,Rain
2024,8,Washim,28,56,146,4,Rain
2024,8,Yavatmal,26,68,175,4,Rain
2024,9,Ahmednagar,30,61,371,10,Rain
2024,9,Akola,35,76,154,10,Rain
2024,9,Amravati,24,55,242,8,Rain
2024,9,Aurangabad,32,59,129,12,Rain
2024,9,Beed,28,81,152,8,Rain
2024,9,Bhandara,32,91,351,9,Rain
2024,9,Buldhana,20,70,249,7,Rain
2024,9,Chandrapur,38,56,319,10,Rain
2024,9,Dhule,26,91,104,12,Rain
2024,9,Gadchiroli,36,68,194,3,Rain
2024,9,Gondia,32,41,183,3,Rain
2024,9,Hingoli,31,52,124,10,Rain
2024,9,Jalgaon,33,53,337,2,Rain
2024,9,Jalna,35,87,237,4,Rain
2024,9,Kolhapur,25,46,220,9,Rain
2024,9,Latur,36,62,368,8,Rain
2024,9,Mumbai City,30,67,119,6,Rain
2024,9,Mumbai Suburban,21,67,274,6,Rain
2024,9,Nagpur,26,76,392,10,Rain
2024,9,Nanded,20,51,124,10,Rain
2024,9,Nandurbar,34,63,398,11,Rain
2024,9,Nashik,24,84,393,4,Rain
2024,9,Osmanabad,24,52,101,9,Rain
2024,9,Palghar,22,79,142,9,Rain
2024,9,Parbhani,29,78,282,2,Rain
2024,9,Pune,23,68,355,7,Rain
2024,9,Raigad,20,63,288,8,Rain
2024,9,Ratnagiri,25,68,357,8,Rain
2024,9,Sangli,37,91,165,4,Rain
2024,9,Satara,26,74,262,8,Rain
2024,9,Sindhudurg,25,95,264,6,Rain
2024,9,Solapur,24,66,191,9,Rain
2024,9,Thane,27,40,279,11,Rain
2024,9,Wardha,29,48,200,10,Rain
2024,9,Washim,27,59,123,3,Rain
2024,9,Yavatmal,24,63,148,2,Rain
2024,10,Ahmednagar,21,76,18,9,Cloudy
2024,10,Akola,22,77,20,9,Cloudy
2024,10,Amravati,37,63,10,12,Cloudy
2024,10,Aurangabad,20,81,3,5,Cloudy
2024,10,Beed,22,79,2,5,Cloudy
2024,10,Bhandara,23,89,8,2,Cloudy
2024,10,Buldhana,33,86,7,2,Cloudy
2024,10,Chandrapur,29,42,4,10,Cloudy
2024,10,Dhule,27,81,6,12,Cloudy
2024,10,Gadchiroli,23,74,9,9,Cloudy
2024,10,Gondia,38,68,4,3,Cloudy
2024,10,Hingoli,34,69,14,12,Cloudy
2024,10,Jalgaon,31,46,19,11,Cloudy
2024,10,Jalna,35,45,20,7,Cloudy
2024,10,Kolhapur,24,51,1,6,Cloudy
2024,10,Latur,23,85,20,11,Cloudy
2024,10,Mumbai City,31,86,3,7,Cloudy
2024,10,Mumbai Suburban,24,68,8,4,Cloudy
2024,10,Nagpur,21,63,15,4,Cloudy
2024,10,Nanded,37,95,18,12,Cloudy
2024,10,Nandurbar,35,86,13,2,Cloudy
2024,10,Nashik,34,69,20,4,Cloudy
2024,10,Osmanabad,27,58,16,6,Cloudy
2024,10,Palghar,37,55,3,6,Cloudy
2024,10,Parbhani,36,48,11,6,Cloudy
2024,10,Pune,28,46,11,3,Cloudy
2024,10,Raigad,32,77,5,7,Cloudy
2024,10,Ratnagiri,38,76,12,11,Cloudy
2024,10,Sangli,32,56,3,2,Cloudy
2024,10,Satara,21,59,2,10,Cloudy
2024,10,Sindhudurg,32,76,16,11,Cloudy
2024,10,Solapur,32,56,9,5,Cloudy
2024,10,Thane,30,65,0,11,Cloudy
2024,10,Wardha,20,72,14,8,Cloudy
2024,10,Washim,23,48,7,7,Cloudy
2024,10,Yavatmal,37,67,14,6,Cloudy
2024,11,Ahmednagar,24,89,12,2,Cloudy
2024,11,Akola,36,60,1,4,Cloudy
2024,11,Amravati,37,71,5,2,Cloudy
2024,11,Aurangabad,31,50,3,11,Cloudy
2024,11,Beed,31,49,14,8,Cloudy
2024,11,Bhandara,33,86,18,8,Cloudy
2024,11,Buldhana,23,61,2,5,Cloudy
2024,11,Chandrapur,28,47,7,6,Cloudy
2024,11,Dhule,28,64,6,12,Cloudy
2024,11,Gadchiroli,25,40,18,11,Cloudy
2024,11,Gondia,31,71,5,11,Cloudy
2024,11,Hingoli,34,76,9,9,Cloudy
2024,11,Jalgaon,25,40,12,11,Cloudy
2024,11,Jalna,24,72,15,10,Cloudy
2024,11,Kolhapur,25,86,9,7,Cloudy
2024,11,Latur,38,76,20,2,Cloudy
2024,11,Mumbai City,31,57,14,6,Cloudy
2024,11,Mumbai Suburban,29,74,8,2,Cloudy
2024,11,Nagpur,29,69,0,5,Cloudy
2024,11,Nanded,35,84,6,2,Cloudy
2024,11,Nandurbar,29,45,9,3,Cloudy
2024,11,Nashik,25,64,18,2,Cloudy
2024,11,Osmanabad,27,45,12,2,Cloudy
2024,11,Palghar,20,55,19,11,Cloudy
2024,11,Parbhani,23,52,2,6,Cloudy
2024,11,Pune,32,68,17,9,Cloudy
2024,11,Raigad,25,81,14,10,Cloudy
2024,11,Ratnagiri,22,78,11,12,Cloudy
2024,11,Sangli,38,89,8,11,Cloudy
2024,11,Satara,36,50,17,8,Cloudy
2024,11,Sindhudurg,30,57,7,5,Cloudy
2024,11,Solapur,33,56,9,6,Cloudy
2024,11,Thane,30,58,10,3,Cloudy
2024,11,Wardha,20,82,6,12,Cloudy
2024,11,Washim,34,54,2,12,Cloudy
2024,11,Yavatmal,22,90,6,4,Cloudy
2024,12,Ahmednagar,24,86,4,11,Cloudy
2024,12,Akola,26,65,1,6,Cloudy
2024,12,Amravati,28,41,5,3,Cloudy
2024,12,Aurangabad,22,68,7,2,Cloudy
2024,12,Beed,37,94,11,2,Cloudy
2024,12,Bhandara,28,58,4,3,Cloudy
2024,12,Buldhana,32,69,3,6,Cloudy
2024,12,Chandrapur,29,81,2,5,Cloudy
2024,12,Dhule,38,55,8,9,Cloudy
2024,12,Gadchiroli,25,76,13,4,Cloudy
2024,12,Gondia,34,66,7,8,Cloudy
2024,12,Hingoli,34,70,20,7,Cloudy
2024,12,Jalgaon,31,90,19,6,Cloudy
2024,12,Jalna,31,91,1,8,Cloudy
2024,12,Kolhapur,29,48,16,7,Cloudy
2024,12,Latur,33,95,1,8,Cloudy
2024,12,Mumbai City,29,51,8,7,Cloudy
2024,12,Mumbai Suburban,21,93,16,2,Cloudy
2024,12,Nagpur,28,57,2,7,Cloudy
2024,12,Nanded,24,87,1,7,Cloudy
2024,12,Nandurbar,25,72,14,8,Cloudy
2024,12,Nashik,36,90,9,6,Cloudy
2024,12,Osmanabad,35,53,3,11,Cloudy
2024,12,Palghar,34,61,15,3,Cloudy
2024,12,Parbhani,20,84,10,10,Cloudy
2024,12,Pune,30,46,14,10,Cloudy
2024,12,Raigad,27,41,18,5,Cloudy
2024,12,Ratnagiri,30,95,18,8,Cloudy
2024,12,Sangli,26,57,19,2,Cloudy
2024,12,Satara,27,85,2,8,Cloudy
2024,12,Sindhudurg,38,89,16,4,Cloudy
2024,12,Solapur,25,93,6,8,Cloudy
2024,12,Thane,29,93,6,7,Cloudy
2024,12,Wardha,24,54,2,8,Cloudy
2024,12,Washim,31,84,18,6,Cloudy
2024,12,Yavatmal,35,47,6,5,Cloudy
